"STATISTIC","Statistic Label","TLIST(A1)","Year","C01885V02316","Month of Year","UNIT","VALUE"
"ROA17C1","Fatal Collisions","2005","2005","-","All months","Number","360"
"ROA17C1","Fatal Collisions","2005","2005","01","January","Number","31"
"ROA17C1","Fatal Collisions","2005","2005","02","February","Number","34"
"ROA17C1","Fatal Collisions","2005","2005","03","March","Number","23"
"ROA17C1","Fatal Collisions","2005","2005","04","April","Number","20"
"ROA17C1","Fatal Collisions","2005","2005","05","May","Number","36"
"ROA17C1","Fatal Collisions","2005","2005","06","June","Number","20"
"ROA17C1","Fatal Collisions","2005","2005","07","July","Number","38"
"ROA17C1","Fatal Collisions","2005","2005","08","August","Number","23"
"ROA17C1","Fatal Collisions","2005","2005","09","September","Number","29"
"ROA17C1","Fatal Collisions","2005","2005","10","October","Number","38"
"ROA17C1","Fatal Collisions","2005","2005","11","November","Number","31"
"ROA17C1","Fatal Collisions","2005","2005","12","December","Number","37"
"ROA17C1","Fatal Collisions","2006","2006","-","All months","Number","321"
"ROA17C1","Fatal Collisions","2006","2006","01","January","Number","34"
"ROA17C1","Fatal Collisions","2006","2006","02","February","Number","26"
"ROA17C1","Fatal Collisions","2006","2006","03","March","Number","25"
"ROA17C1","Fatal Collisions","2006","2006","04","April","Number","29"
"ROA17C1","Fatal Collisions","2006","2006","05","May","Number","25"
"ROA17C1","Fatal Collisions","2006","2006","06","June","Number","31"
"ROA17C1","Fatal Collisions","2006","2006","07","July","Number","33"
"ROA17C1","Fatal Collisions","2006","2006","08","August","Number","17"
"ROA17C1","Fatal Collisions","2006","2006","09","September","Number","21"
"ROA17C1","Fatal Collisions","2006","2006","10","October","Number","25"
"ROA17C1","Fatal Collisions","2006","2006","11","November","Number","24"
"ROA17C1","Fatal Collisions","2006","2006","12","December","Number","31"
"ROA17C1","Fatal Collisions","2007","2007","-","All months","Number","309"
"ROA17C1","Fatal Collisions","2007","2007","01","January","Number","21"
"ROA17C1","Fatal Collisions","2007","2007","02","February","Number","24"
"ROA17C1","Fatal Collisions","2007","2007","03","March","Number","32"
"ROA17C1","Fatal Collisions","2007","2007","04","April","Number","25"
"ROA17C1","Fatal Collisions","2007","2007","05","May","Number","19"
"ROA17C1","Fatal Collisions","2007","2007","06","June","Number","28"
"ROA17C1","Fatal Collisions","2007","2007","07","July","Number","30"
"ROA17C1","Fatal Collisions","2007","2007","08","August","Number","24"
"ROA17C1","Fatal Collisions","2007","2007","09","September","Number","26"
"ROA17C1","Fatal Collisions","2007","2007","10","October","Number","24"
"ROA17C1","Fatal Collisions","2007","2007","11","November","Number","20"
"ROA17C1","Fatal Collisions","2007","2007","12","December","Number","36"
"ROA17C1","Fatal Collisions","2008","2008","-","All months","Number","254"
"ROA17C1","Fatal Collisions","2008","2008","01","January","Number","25"
"ROA17C1","Fatal Collisions","2008","2008","02","February","Number","27"
"ROA17C1","Fatal Collisions","2008","2008","03","March","Number","18"
"ROA17C1","Fatal Collisions","2008","2008","04","April","Number","19"
"ROA17C1","Fatal Collisions","2008","2008","05","May","Number","16"
"ROA17C1","Fatal Collisions","2008","2008","06","June","Number","23"
"ROA17C1","Fatal Collisions","2008","2008","07","July","Number","24"
"ROA17C1","Fatal Collisions","2008","2008","08","August","Number","25"
"ROA17C1","Fatal Collisions","2008","2008","09","September","Number","19"
"ROA17C1","Fatal Collisions","2008","2008","10","October","Number","21"
"ROA17C1","Fatal Collisions","2008","2008","11","November","Number","20"
"ROA17C1","Fatal Collisions","2008","2008","12","December","Number","17"
"ROA17C1","Fatal Collisions","2009","2009","-","All months","Number","220"
"ROA17C1","Fatal Collisions","2009","2009","01","January","Number","17"
"ROA17C1","Fatal Collisions","2009","2009","02","February","Number","12"
"ROA17C1","Fatal Collisions","2009","2009","03","March","Number","22"
"ROA17C1","Fatal Collisions","2009","2009","04","April","Number","19"
"ROA17C1","Fatal Collisions","2009","2009","05","May","Number","25"
"ROA17C1","Fatal Collisions","2009","2009","06","June","Number","15"
"ROA17C1","Fatal Collisions","2009","2009","07","July","Number","17"
"ROA17C1","Fatal Collisions","2009","2009","08","August","Number","19"
"ROA17C1","Fatal Collisions","2009","2009","09","September","Number","14"
"ROA17C1","Fatal Collisions","2009","2009","10","October","Number","21"
"ROA17C1","Fatal Collisions","2009","2009","11","November","Number","21"
"ROA17C1","Fatal Collisions","2009","2009","12","December","Number","18"
"ROA17C1","Fatal Collisions","2010","2010","-","All months","Number","185"
"ROA17C1","Fatal Collisions","2010","2010","01","January","Number","14"
"ROA17C1","Fatal Collisions","2010","2010","02","February","Number","14"
"ROA17C1","Fatal Collisions","2010","2010","03","March","Number","12"
"ROA17C1","Fatal Collisions","2010","2010","04","April","Number","17"
"ROA17C1","Fatal Collisions","2010","2010","05","May","Number","25"
"ROA17C1","Fatal Collisions","2010","2010","06","June","Number","11"
"ROA17C1","Fatal Collisions","2010","2010","07","July","Number","13"
"ROA17C1","Fatal Collisions","2010","2010","08","August","Number","15"
"ROA17C1","Fatal Collisions","2010","2010","09","September","Number","11"
"ROA17C1","Fatal Collisions","2010","2010","10","October","Number","34"
"ROA17C1","Fatal Collisions","2010","2010","11","November","Number","13"
"ROA17C1","Fatal Collisions","2010","2010","12","December","Number","6"
"ROA17C1","Fatal Collisions","2011","2011","-","All months","Number","172"
"ROA17C1","Fatal Collisions","2011","2011","01","January","Number","16"
"ROA17C1","Fatal Collisions","2011","2011","02","February","Number","18"
"ROA17C1","Fatal Collisions","2011","2011","03","March","Number","14"
"ROA17C1","Fatal Collisions","2011","2011","04","April","Number","8"
"ROA17C1","Fatal Collisions","2011","2011","05","May","Number","10"
"ROA17C1","Fatal Collisions","2011","2011","06","June","Number","14"
"ROA17C1","Fatal Collisions","2011","2011","07","July","Number","17"
"ROA17C1","Fatal Collisions","2011","2011","08","August","Number","14"
"ROA17C1","Fatal Collisions","2011","2011","09","September","Number","13"
"ROA17C1","Fatal Collisions","2011","2011","10","October","Number","14"
"ROA17C1","Fatal Collisions","2011","2011","11","November","Number","18"
"ROA17C1","Fatal Collisions","2011","2011","12","December","Number","16"
"ROA17C1","Fatal Collisions","2012","2012","-","All months","Number","152"
"ROA17C1","Fatal Collisions","2012","2012","01","January","Number","10"
"ROA17C1","Fatal Collisions","2012","2012","02","February","Number","13"
"ROA17C1","Fatal Collisions","2012","2012","03","March","Number","11"
"ROA17C1","Fatal Collisions","2012","2012","04","April","Number","16"
"ROA17C1","Fatal Collisions","2012","2012","05","May","Number","12"
"ROA17C1","Fatal Collisions","2012","2012","06","June","Number","24"
"ROA17C1","Fatal Collisions","2012","2012","07","July","Number","15"
"ROA17C1","Fatal Collisions","2012","2012","08","August","Number","8"
"ROA17C1","Fatal Collisions","2012","2012","09","September","Number","10"
"ROA17C1","Fatal Collisions","2012","2012","10","October","Number","13"
"ROA17C1","Fatal Collisions","2012","2012","11","November","Number","8"
"ROA17C1","Fatal Collisions","2012","2012","12","December","Number","12"
"ROA17C1","Fatal Collisions","2013","2013","-","All months","Number","179"
"ROA17C1","Fatal Collisions","2013","2013","01","January","Number","18"
"ROA17C1","Fatal Collisions","2013","2013","02","February","Number","13"
"ROA17C1","Fatal Collisions","2013","2013","03","March","Number","14"
"ROA17C1","Fatal Collisions","2013","2013","04","April","Number","12"
"ROA17C1","Fatal Collisions","2013","2013","05","May","Number","14"
"ROA17C1","Fatal Collisions","2013","2013","06","June","Number","13"
"ROA17C1","Fatal Collisions","2013","2013","07","July","Number","18"
"ROA17C1","Fatal Collisions","2013","2013","08","August","Number","17"
"ROA17C1","Fatal Collisions","2013","2013","09","September","Number","16"
"ROA17C1","Fatal Collisions","2013","2013","10","October","Number","13"
"ROA17C1","Fatal Collisions","2013","2013","11","November","Number","15"
"ROA17C1","Fatal Collisions","2013","2013","12","December","Number","16"
"ROA17C1","Fatal Collisions","2014","2014","-","All months","Number","178"
"ROA17C1","Fatal Collisions","2014","2014","01","January","Number","15"
"ROA17C1","Fatal Collisions","2014","2014","02","February","Number","13"
"ROA17C1","Fatal Collisions","2014","2014","03","March","Number","14"
"ROA17C1","Fatal Collisions","2014","2014","04","April","Number","13"
"ROA17C1","Fatal Collisions","2014","2014","05","May","Number","18"
"ROA17C1","Fatal Collisions","2014","2014","06","June","Number","14"
"ROA17C1","Fatal Collisions","2014","2014","07","July","Number","16"
"ROA17C1","Fatal Collisions","2014","2014","08","August","Number","14"
"ROA17C1","Fatal Collisions","2014","2014","09","September","Number","11"
"ROA17C1","Fatal Collisions","2014","2014","10","October","Number","15"
"ROA17C1","Fatal Collisions","2014","2014","11","November","Number","18"
"ROA17C1","Fatal Collisions","2014","2014","12","December","Number","17"
"ROA17C1","Fatal Collisions","2015","2015","-","All months","Number","155"
"ROA17C1","Fatal Collisions","2015","2015","01","January","Number","9"
"ROA17C1","Fatal Collisions","2015","2015","02","February","Number","13"
"ROA17C1","Fatal Collisions","2015","2015","03","March","Number","11"
"ROA17C1","Fatal Collisions","2015","2015","04","April","Number","7"
"ROA17C1","Fatal Collisions","2015","2015","05","May","Number","12"
"ROA17C1","Fatal Collisions","2015","2015","06","June","Number","13"
"ROA17C1","Fatal Collisions","2015","2015","07","July","Number","17"
"ROA17C1","Fatal Collisions","2015","2015","08","August","Number","14"
"ROA17C1","Fatal Collisions","2015","2015","09","September","Number","16"
"ROA17C1","Fatal Collisions","2015","2015","10","October","Number","11"
"ROA17C1","Fatal Collisions","2015","2015","11","November","Number","13"
"ROA17C1","Fatal Collisions","2015","2015","12","December","Number","19"
"ROA17C1","Fatal Collisions","2016","2016","-","All months","Number","174"
"ROA17C1","Fatal Collisions","2016","2016","01","January","Number","14"
"ROA17C1","Fatal Collisions","2016","2016","02","February","Number","10"
"ROA17C1","Fatal Collisions","2016","2016","03","March","Number","16"
"ROA17C1","Fatal Collisions","2016","2016","04","April","Number","13"
"ROA17C1","Fatal Collisions","2016","2016","05","May","Number","20"
"ROA17C1","Fatal Collisions","2016","2016","06","June","Number","12"
"ROA17C1","Fatal Collisions","2016","2016","07","July","Number","16"
"ROA17C1","Fatal Collisions","2016","2016","08","August","Number","13"
"ROA17C1","Fatal Collisions","2016","2016","09","September","Number","17"
"ROA17C1","Fatal Collisions","2016","2016","10","October","Number","19"
"ROA17C1","Fatal Collisions","2016","2016","11","November","Number","9"
"ROA17C1","Fatal Collisions","2016","2016","12","December","Number","15"
"ROA17C1","Fatal Collisions","2017","2017","-","All months","Number","140"
"ROA17C1","Fatal Collisions","2017","2017","01","January","Number","14"
"ROA17C1","Fatal Collisions","2017","2017","02","February","Number","10"
"ROA17C1","Fatal Collisions","2017","2017","03","March","Number","19"
"ROA17C1","Fatal Collisions","2017","2017","04","April","Number","6"
"ROA17C1","Fatal Collisions","2017","2017","05","May","Number","8"
"ROA17C1","Fatal Collisions","2017","2017","06","June","Number","13"
"ROA17C1","Fatal Collisions","2017","2017","07","July","Number","14"
"ROA17C1","Fatal Collisions","2017","2017","08","August","Number","10"
"ROA17C1","Fatal Collisions","2017","2017","09","September","Number","10"
"ROA17C1","Fatal Collisions","2017","2017","10","October","Number","11"
"ROA17C1","Fatal Collisions","2017","2017","11","November","Number","13"
"ROA17C1","Fatal Collisions","2017","2017","12","December","Number","12"
"ROA17C1","Fatal Collisions","2018","2018","-","All months","Number","132"
"ROA17C1","Fatal Collisions","2018","2018","01","January","Number","11"
"ROA17C1","Fatal Collisions","2018","2018","02","February","Number","10"
"ROA17C1","Fatal Collisions","2018","2018","03","March","Number","13"
"ROA17C1","Fatal Collisions","2018","2018","04","April","Number","15"
"ROA17C1","Fatal Collisions","2018","2018","05","May","Number","4"
"ROA17C1","Fatal Collisions","2018","2018","06","June","Number","15"
"ROA17C1","Fatal Collisions","2018","2018","07","July","Number","8"
"ROA17C1","Fatal Collisions","2018","2018","08","August","Number","11"
"ROA17C1","Fatal Collisions","2018","2018","09","September","Number","10"
"ROA17C1","Fatal Collisions","2018","2018","10","October","Number","9"
"ROA17C1","Fatal Collisions","2018","2018","11","November","Number","11"
"ROA17C1","Fatal Collisions","2018","2018","12","December","Number","15"
"ROA17C1","Fatal Collisions","2019","2019","-","All months","Number","129"
"ROA17C1","Fatal Collisions","2019","2019","01","January","Number","10"
"ROA17C1","Fatal Collisions","2019","2019","02","February","Number","14"
"ROA17C1","Fatal Collisions","2019","2019","03","March","Number","9"
"ROA17C1","Fatal Collisions","2019","2019","04","April","Number","9"
"ROA17C1","Fatal Collisions","2019","2019","05","May","Number","8"
"ROA17C1","Fatal Collisions","2019","2019","06","June","Number","11"
"ROA17C1","Fatal Collisions","2019","2019","07","July","Number","8"
"ROA17C1","Fatal Collisions","2019","2019","08","August","Number","8"
"ROA17C1","Fatal Collisions","2019","2019","09","September","Number","17"
"ROA17C1","Fatal Collisions","2019","2019","10","October","Number","10"
"ROA17C1","Fatal Collisions","2019","2019","11","November","Number","11"
"ROA17C1","Fatal Collisions","2019","2019","12","December","Number","14"
"ROA17C1","Fatal Collisions","2020","2020","-","All months","Number","136"
"ROA17C1","Fatal Collisions","2020","2020","01","January","Number","8"
"ROA17C1","Fatal Collisions","2020","2020","02","February","Number","16"
"ROA17C1","Fatal Collisions","2020","2020","03","March","Number","18"
"ROA17C1","Fatal Collisions","2020","2020","04","April","Number","7"
"ROA17C1","Fatal Collisions","2020","2020","05","May","Number","6"
"ROA17C1","Fatal Collisions","2020","2020","06","June","Number","10"
"ROA17C1","Fatal Collisions","2020","2020","07","July","Number","9"
"ROA17C1","Fatal Collisions","2020","2020","08","August","Number","13"
"ROA17C1","Fatal Collisions","2020","2020","09","September","Number","17"
"ROA17C1","Fatal Collisions","2020","2020","10","October","Number","13"
"ROA17C1","Fatal Collisions","2020","2020","11","November","Number","11"
"ROA17C1","Fatal Collisions","2020","2020","12","December","Number","8"
"ROA17C2","Injury Collisions","2005","2005","-","All months","Number","6173"
"ROA17C2","Injury Collisions","2005","2005","01","January","Number","442"
"ROA17C2","Injury Collisions","2005","2005","02","February","Number","427"
"ROA17C2","Injury Collisions","2005","2005","03","March","Number","475"
"ROA17C2","Injury Collisions","2005","2005","04","April","Number","509"
"ROA17C2","Injury Collisions","2005","2005","05","May","Number","525"
"ROA17C2","Injury Collisions","2005","2005","06","June","Number","504"
"ROA17C2","Injury Collisions","2005","2005","07","July","Number","534"
"ROA17C2","Injury Collisions","2005","2005","08","August","Number","535"
"ROA17C2","Injury Collisions","2005","2005","09","September","Number","539"
"ROA17C2","Injury Collisions","2005","2005","10","October","Number","566"
"ROA17C2","Injury Collisions","2005","2005","11","November","Number","572"
"ROA17C2","Injury Collisions","2005","2005","12","December","Number","545"
"ROA17C2","Injury Collisions","2006","2006","-","All months","Number","5697"
"ROA17C2","Injury Collisions","2006","2006","01","January","Number","488"
"ROA17C2","Injury Collisions","2006","2006","02","February","Number","380"
"ROA17C2","Injury Collisions","2006","2006","03","March","Number","442"
"ROA17C2","Injury Collisions","2006","2006","04","April","Number","373"
"ROA17C2","Injury Collisions","2006","2006","05","May","Number","462"
"ROA17C2","Injury Collisions","2006","2006","06","June","Number","440"
"ROA17C2","Injury Collisions","2006","2006","07","July","Number","479"
"ROA17C2","Injury Collisions","2006","2006","08","August","Number","506"
"ROA17C2","Injury Collisions","2006","2006","09","September","Number","497"
"ROA17C2","Injury Collisions","2006","2006","10","October","Number","537"
"ROA17C2","Injury Collisions","2006","2006","11","November","Number","514"
"ROA17C2","Injury Collisions","2006","2006","12","December","Number","579"
"ROA17C2","Injury Collisions","2007","2007","-","All months","Number","5158"
"ROA17C2","Injury Collisions","2007","2007","01","January","Number","438"
"ROA17C2","Injury Collisions","2007","2007","02","February","Number","397"
"ROA17C2","Injury Collisions","2007","2007","03","March","Number","438"
"ROA17C2","Injury Collisions","2007","2007","04","April","Number","361"
"ROA17C2","Injury Collisions","2007","2007","05","May","Number","423"
"ROA17C2","Injury Collisions","2007","2007","06","June","Number","420"
"ROA17C2","Injury Collisions","2007","2007","07","July","Number","471"
"ROA17C2","Injury Collisions","2007","2007","08","August","Number","462"
"ROA17C2","Injury Collisions","2007","2007","09","September","Number","430"
"ROA17C2","Injury Collisions","2007","2007","10","October","Number","451"
"ROA17C2","Injury Collisions","2007","2007","11","November","Number","449"
"ROA17C2","Injury Collisions","2007","2007","12","December","Number","418"
"ROA17C2","Injury Collisions","2008","2008","-","All months","Number","6482"
"ROA17C2","Injury Collisions","2008","2008","01","January","Number","544"
"ROA17C2","Injury Collisions","2008","2008","02","February","Number","563"
"ROA17C2","Injury Collisions","2008","2008","03","March","Number","535"
"ROA17C2","Injury Collisions","2008","2008","04","April","Number","518"
"ROA17C2","Injury Collisions","2008","2008","05","May","Number","574"
"ROA17C2","Injury Collisions","2008","2008","06","June","Number","508"
"ROA17C2","Injury Collisions","2008","2008","07","July","Number","501"
"ROA17C2","Injury Collisions","2008","2008","08","August","Number","483"
"ROA17C2","Injury Collisions","2008","2008","09","September","Number","542"
"ROA17C2","Injury Collisions","2008","2008","10","October","Number","558"
"ROA17C2","Injury Collisions","2008","2008","11","November","Number","585"
"ROA17C2","Injury Collisions","2008","2008","12","December","Number","571"
"ROA17C2","Injury Collisions","2009","2009","-","All months","Number","6395"
"ROA17C2","Injury Collisions","2009","2009","01","January","Number","548"
"ROA17C2","Injury Collisions","2009","2009","02","February","Number","421"
"ROA17C2","Injury Collisions","2009","2009","03","March","Number","471"
"ROA17C2","Injury Collisions","2009","2009","04","April","Number","517"
"ROA17C2","Injury Collisions","2009","2009","05","May","Number","558"
"ROA17C2","Injury Collisions","2009","2009","06","June","Number","519"
"ROA17C2","Injury Collisions","2009","2009","07","July","Number","611"
"ROA17C2","Injury Collisions","2009","2009","08","August","Number","572"
"ROA17C2","Injury Collisions","2009","2009","09","September","Number","520"
"ROA17C2","Injury Collisions","2009","2009","10","October","Number","561"
"ROA17C2","Injury Collisions","2009","2009","11","November","Number","561"
"ROA17C2","Injury Collisions","2009","2009","12","December","Number","536"
"ROA17C2","Injury Collisions","2010","2010","-","All months","Number","5595"
"ROA17C2","Injury Collisions","2010","2010","01","January","Number","405"
"ROA17C2","Injury Collisions","2010","2010","02","February","Number","417"
"ROA17C2","Injury Collisions","2010","2010","03","March","Number","474"
"ROA17C2","Injury Collisions","2010","2010","04","April","Number","454"
"ROA17C2","Injury Collisions","2010","2010","05","May","Number","502"
"ROA17C2","Injury Collisions","2010","2010","06","June","Number","463"
"ROA17C2","Injury Collisions","2010","2010","07","July","Number","509"
"ROA17C2","Injury Collisions","2010","2010","08","August","Number","493"
"ROA17C2","Injury Collisions","2010","2010","09","September","Number","520"
"ROA17C2","Injury Collisions","2010","2010","10","October","Number","566"
"ROA17C2","Injury Collisions","2010","2010","11","November","Number","495"
"ROA17C2","Injury Collisions","2010","2010","12","December","Number","297"
"ROA17C2","Injury Collisions","2011","2011","-","All months","Number","5058"
"ROA17C2","Injury Collisions","2011","2011","01","January","Number","411"
"ROA17C2","Injury Collisions","2011","2011","02","February","Number","387"
"ROA17C2","Injury Collisions","2011","2011","03","March","Number","407"
"ROA17C2","Injury Collisions","2011","2011","04","April","Number","373"
"ROA17C2","Injury Collisions","2011","2011","05","May","Number","358"
"ROA17C2","Injury Collisions","2011","2011","06","June","Number","451"
"ROA17C2","Injury Collisions","2011","2011","07","July","Number","444"
"ROA17C2","Injury Collisions","2011","2011","08","August","Number","468"
"ROA17C2","Injury Collisions","2011","2011","09","September","Number","443"
"ROA17C2","Injury Collisions","2011","2011","10","October","Number","468"
"ROA17C2","Injury Collisions","2011","2011","11","November","Number","455"
"ROA17C2","Injury Collisions","2011","2011","12","December","Number","393"
"ROA17C2","Injury Collisions","2012","2012","-","All months","Number","5458"
"ROA17C2","Injury Collisions","2012","2012","01","January","Number","447"
"ROA17C2","Injury Collisions","2012","2012","02","February","Number","396"
"ROA17C2","Injury Collisions","2012","2012","03","March","Number","478"
"ROA17C2","Injury Collisions","2012","2012","04","April","Number","455"
"ROA17C2","Injury Collisions","2012","2012","05","May","Number","442"
"ROA17C2","Injury Collisions","2012","2012","06","June","Number","446"
"ROA17C2","Injury Collisions","2012","2012","07","July","Number","460"
"ROA17C2","Injury Collisions","2012","2012","08","August","Number","464"
"ROA17C2","Injury Collisions","2012","2012","09","September","Number","469"
"ROA17C2","Injury Collisions","2012","2012","10","October","Number","487"
"ROA17C2","Injury Collisions","2012","2012","11","November","Number","468"
"ROA17C2","Injury Collisions","2012","2012","12","December","Number","446"
"ROA17C2","Injury Collisions","2013","2013","-","All months","Number","4797"
"ROA17C2","Injury Collisions","2013","2013","01","January","Number","427"
"ROA17C2","Injury Collisions","2013","2013","02","February","Number","341"
"ROA17C2","Injury Collisions","2013","2013","03","March","Number","349"
"ROA17C2","Injury Collisions","2013","2013","04","April","Number","328"
"ROA17C2","Injury Collisions","2013","2013","05","May","Number","377"
"ROA17C2","Injury Collisions","2013","2013","06","June","Number","408"
"ROA17C2","Injury Collisions","2013","2013","07","July","Number","446"
"ROA17C2","Injury Collisions","2013","2013","08","August","Number","398"
"ROA17C2","Injury Collisions","2013","2013","09","September","Number","419"
"ROA17C2","Injury Collisions","2013","2013","10","October","Number","455"
"ROA17C2","Injury Collisions","2013","2013","11","November","Number","420"
"ROA17C2","Injury Collisions","2013","2013","12","December","Number","429"
"ROA17C2","Injury Collisions","2014","2014","-","All months","Number","5618"
"ROA17C2","Injury Collisions","2014","2014","01","January","Number","430"
"ROA17C2","Injury Collisions","2014","2014","02","February","Number","397"
"ROA17C2","Injury Collisions","2014","2014","03","March","Number","407"
"ROA17C2","Injury Collisions","2014","2014","04","April","Number","443"
"ROA17C2","Injury Collisions","2014","2014","05","May","Number","452"
"ROA17C2","Injury Collisions","2014","2014","06","June","Number","466"
"ROA17C2","Injury Collisions","2014","2014","07","July","Number","470"
"ROA17C2","Injury Collisions","2014","2014","08","August","Number","480"
"ROA17C2","Injury Collisions","2014","2014","09","September","Number","496"
"ROA17C2","Injury Collisions","2014","2014","10","October","Number","504"
"ROA17C2","Injury Collisions","2014","2014","11","November","Number","569"
"ROA17C2","Injury Collisions","2014","2014","12","December","Number","504"
"ROA17C2","Injury Collisions","2015","2015","-","All months","Number","5676"
"ROA17C2","Injury Collisions","2015","2015","01","January","Number","478"
"ROA17C2","Injury Collisions","2015","2015","02","February","Number","417"
"ROA17C2","Injury Collisions","2015","2015","03","March","Number","460"
"ROA17C2","Injury Collisions","2015","2015","04","April","Number","396"
"ROA17C2","Injury Collisions","2015","2015","05","May","Number","488"
"ROA17C2","Injury Collisions","2015","2015","06","June","Number","465"
"ROA17C2","Injury Collisions","2015","2015","07","July","Number","471"
"ROA17C2","Injury Collisions","2015","2015","08","August","Number","470"
"ROA17C2","Injury Collisions","2015","2015","09","September","Number","502"
"ROA17C2","Injury Collisions","2015","2015","10","October","Number","499"
"ROA17C2","Injury Collisions","2015","2015","11","November","Number","502"
"ROA17C2","Injury Collisions","2015","2015","12","December","Number","528"
"ROA17C2","Injury Collisions","2016","2016","-","All months","Number","5717"
"ROA17C2","Injury Collisions","2016","2016","01","January","Number","516"
"ROA17C2","Injury Collisions","2016","2016","02","February","Number","456"
"ROA17C2","Injury Collisions","2016","2016","03","March","Number","415"
"ROA17C2","Injury Collisions","2016","2016","04","April","Number","397"
"ROA17C2","Injury Collisions","2016","2016","05","May","Number","460"
"ROA17C2","Injury Collisions","2016","2016","06","June","Number","475"
"ROA17C2","Injury Collisions","2016","2016","07","July","Number","524"
"ROA17C2","Injury Collisions","2016","2016","08","August","Number","459"
"ROA17C2","Injury Collisions","2016","2016","09","September","Number","527"
"ROA17C2","Injury Collisions","2016","2016","10","October","Number","484"
"ROA17C2","Injury Collisions","2016","2016","11","November","Number","493"
"ROA17C2","Injury Collisions","2016","2016","12","December","Number","511"
"ROA17C2","Injury Collisions","2017","2017","-","All months","Number","5914"
"ROA17C2","Injury Collisions","2017","2017","01","January","Number","449"
"ROA17C2","Injury Collisions","2017","2017","02","February","Number","409"
"ROA17C2","Injury Collisions","2017","2017","03","March","Number","510"
"ROA17C2","Injury Collisions","2017","2017","04","April","Number","387"
"ROA17C2","Injury Collisions","2017","2017","05","May","Number","522"
"ROA17C2","Injury Collisions","2017","2017","06","June","Number","483"
"ROA17C2","Injury Collisions","2017","2017","07","July","Number","482"
"ROA17C2","Injury Collisions","2017","2017","08","August","Number","475"
"ROA17C2","Injury Collisions","2017","2017","09","September","Number","546"
"ROA17C2","Injury Collisions","2017","2017","10","October","Number","508"
"ROA17C2","Injury Collisions","2017","2017","11","November","Number","597"
"ROA17C2","Injury Collisions","2017","2017","12","December","Number","546"
"ROA17C2","Injury Collisions","2018","2018","-","All months","Number","5974"
"ROA17C2","Injury Collisions","2018","2018","01","January","Number","461"
"ROA17C2","Injury Collisions","2018","2018","02","February","Number","436"
"ROA17C2","Injury Collisions","2018","2018","03","March","Number","428"
"ROA17C2","Injury Collisions","2018","2018","04","April","Number","446"
"ROA17C2","Injury Collisions","2018","2018","05","May","Number","533"
"ROA17C2","Injury Collisions","2018","2018","06","June","Number","521"
"ROA17C2","Injury Collisions","2018","2018","07","July","Number","540"
"ROA17C2","Injury Collisions","2018","2018","08","August","Number","474"
"ROA17C2","Injury Collisions","2018","2018","09","September","Number","508"
"ROA17C2","Injury Collisions","2018","2018","10","October","Number","544"
"ROA17C2","Injury Collisions","2018","2018","11","November","Number","549"
"ROA17C2","Injury Collisions","2018","2018","12","December","Number","534"
"ROA17C2","Injury Collisions","2019","2019","-","All months","Number","5698"
"ROA17C2","Injury Collisions","2019","2019","01","January","Number","493"
"ROA17C2","Injury Collisions","2019","2019","02","February","Number","385"
"ROA17C2","Injury Collisions","2019","2019","03","March","Number","483"
"ROA17C2","Injury Collisions","2019","2019","04","April","Number","391"
"ROA17C2","Injury Collisions","2019","2019","05","May","Number","468"
"ROA17C2","Injury Collisions","2019","2019","06","June","Number","466"
"ROA17C2","Injury Collisions","2019","2019","07","July","Number","504"
"ROA17C2","Injury Collisions","2019","2019","08","August","Number","479"
"ROA17C2","Injury Collisions","2019","2019","09","September","Number","534"
"ROA17C2","Injury Collisions","2019","2019","10","October","Number","509"
"ROA17C2","Injury Collisions","2019","2019","11","November","Number","535"
"ROA17C2","Injury Collisions","2019","2019","12","December","Number","451"
"ROA17C2","Injury Collisions","2020","2020","-","All months","Number","4293"
"ROA17C2","Injury Collisions","2020","2020","01","January","Number","492"
"ROA17C2","Injury Collisions","2020","2020","02","February","Number","433"
"ROA17C2","Injury Collisions","2020","2020","03","March","Number","261"
"ROA17C2","Injury Collisions","2020","2020","04","April","Number","132"
"ROA17C2","Injury Collisions","2020","2020","05","May","Number","227"
"ROA17C2","Injury Collisions","2020","2020","06","June","Number","288"
"ROA17C2","Injury Collisions","2020","2020","07","July","Number","394"
"ROA17C2","Injury Collisions","2020","2020","08","August","Number","404"
"ROA17C2","Injury Collisions","2020","2020","09","September","Number","413"
"ROA17C2","Injury Collisions","2020","2020","10","October","Number","382"
"ROA17C2","Injury Collisions","2020","2020","11","November","Number","383"
"ROA17C2","Injury Collisions","2020","2020","12","December","Number","484"
"ROA17C3","All Fatal and Injury Collisions","2005","2005","-","All months","Number","6533"
"ROA17C3","All Fatal and Injury Collisions","2005","2005","01","January","Number","473"
"ROA17C3","All Fatal and Injury Collisions","2005","2005","02","February","Number","461"
"ROA17C3","All Fatal and Injury Collisions","2005","2005","03","March","Number","498"
"ROA17C3","All Fatal and Injury Collisions","2005","2005","04","April","Number","529"
"ROA17C3","All Fatal and Injury Collisions","2005","2005","05","May","Number","561"
"ROA17C3","All Fatal and Injury Collisions","2005","2005","06","June","Number","524"
"ROA17C3","All Fatal and Injury Collisions","2005","2005","07","July","Number","572"
"ROA17C3","All Fatal and Injury Collisions","2005","2005","08","August","Number","558"
"ROA17C3","All Fatal and Injury Collisions","2005","2005","09","September","Number","568"
"ROA17C3","All Fatal and Injury Collisions","2005","2005","10","October","Number","604"
"ROA17C3","All Fatal and Injury Collisions","2005","2005","11","November","Number","603"
"ROA17C3","All Fatal and Injury Collisions","2005","2005","12","December","Number","582"
"ROA17C3","All Fatal and Injury Collisions","2006","2006","-","All months","Number","6018"
"ROA17C3","All Fatal and Injury Collisions","2006","2006","01","January","Number","522"
"ROA17C3","All Fatal and Injury Collisions","2006","2006","02","February","Number","406"
"ROA17C3","All Fatal and Injury Collisions","2006","2006","03","March","Number","467"
"ROA17C3","All Fatal and Injury Collisions","2006","2006","04","April","Number","402"
"ROA17C3","All Fatal and Injury Collisions","2006","2006","05","May","Number","487"
"ROA17C3","All Fatal and Injury Collisions","2006","2006","06","June","Number","471"
"ROA17C3","All Fatal and Injury Collisions","2006","2006","07","July","Number","512"
"ROA17C3","All Fatal and Injury Collisions","2006","2006","08","August","Number","523"
"ROA17C3","All Fatal and Injury Collisions","2006","2006","09","September","Number","518"
"ROA17C3","All Fatal and Injury Collisions","2006","2006","10","October","Number","562"
"ROA17C3","All Fatal and Injury Collisions","2006","2006","11","November","Number","538"
"ROA17C3","All Fatal and Injury Collisions","2006","2006","12","December","Number","610"
"ROA17C3","All Fatal and Injury Collisions","2007","2007","-","All months","Number","5467"
"ROA17C3","All Fatal and Injury Collisions","2007","2007","01","January","Number","459"
"ROA17C3","All Fatal and Injury Collisions","2007","2007","02","February","Number","421"
"ROA17C3","All Fatal and Injury Collisions","2007","2007","03","March","Number","470"
"ROA17C3","All Fatal and Injury Collisions","2007","2007","04","April","Number","386"
"ROA17C3","All Fatal and Injury Collisions","2007","2007","05","May","Number","442"
"ROA17C3","All Fatal and Injury Collisions","2007","2007","06","June","Number","448"
"ROA17C3","All Fatal and Injury Collisions","2007","2007","07","July","Number","501"
"ROA17C3","All Fatal and Injury Collisions","2007","2007","08","August","Number","486"
"ROA17C3","All Fatal and Injury Collisions","2007","2007","09","September","Number","456"
"ROA17C3","All Fatal and Injury Collisions","2007","2007","10","October","Number","475"
"ROA17C3","All Fatal and Injury Collisions","2007","2007","11","November","Number","469"
"ROA17C3","All Fatal and Injury Collisions","2007","2007","12","December","Number","454"
"ROA17C3","All Fatal and Injury Collisions","2008","2008","-","All months","Number","6736"
"ROA17C3","All Fatal and Injury Collisions","2008","2008","01","January","Number","569"
"ROA17C3","All Fatal and Injury Collisions","2008","2008","02","February","Number","590"
"ROA17C3","All Fatal and Injury Collisions","2008","2008","03","March","Number","553"
"ROA17C3","All Fatal and Injury Collisions","2008","2008","04","April","Number","537"
"ROA17C3","All Fatal and Injury Collisions","2008","2008","05","May","Number","590"
"ROA17C3","All Fatal and Injury Collisions","2008","2008","06","June","Number","531"
"ROA17C3","All Fatal and Injury Collisions","2008","2008","07","July","Number","525"
"ROA17C3","All Fatal and Injury Collisions","2008","2008","08","August","Number","508"
"ROA17C3","All Fatal and Injury Collisions","2008","2008","09","September","Number","561"
"ROA17C3","All Fatal and Injury Collisions","2008","2008","10","October","Number","579"
"ROA17C3","All Fatal and Injury Collisions","2008","2008","11","November","Number","605"
"ROA17C3","All Fatal and Injury Collisions","2008","2008","12","December","Number","588"
"ROA17C3","All Fatal and Injury Collisions","2009","2009","-","All months","Number","6615"
"ROA17C3","All Fatal and Injury Collisions","2009","2009","01","January","Number","565"
"ROA17C3","All Fatal and Injury Collisions","2009","2009","02","February","Number","433"
"ROA17C3","All Fatal and Injury Collisions","2009","2009","03","March","Number","493"
"ROA17C3","All Fatal and Injury Collisions","2009","2009","04","April","Number","536"
"ROA17C3","All Fatal and Injury Collisions","2009","2009","05","May","Number","583"
"ROA17C3","All Fatal and Injury Collisions","2009","2009","06","June","Number","534"
"ROA17C3","All Fatal and Injury Collisions","2009","2009","07","July","Number","628"
"ROA17C3","All Fatal and Injury Collisions","2009","2009","08","August","Number","591"
"ROA17C3","All Fatal and Injury Collisions","2009","2009","09","September","Number","534"
"ROA17C3","All Fatal and Injury Collisions","2009","2009","10","October","Number","582"
"ROA17C3","All Fatal and Injury Collisions","2009","2009","11","November","Number","582"
"ROA17C3","All Fatal and Injury Collisions","2009","2009","12","December","Number","554"
"ROA17C3","All Fatal and Injury Collisions","2010","2010","-","All months","Number","5780"
"ROA17C3","All Fatal and Injury Collisions","2010","2010","01","January","Number","419"
"ROA17C3","All Fatal and Injury Collisions","2010","2010","02","February","Number","431"
"ROA17C3","All Fatal and Injury Collisions","2010","2010","03","March","Number","486"
"ROA17C3","All Fatal and Injury Collisions","2010","2010","04","April","Number","471"
"ROA17C3","All Fatal and Injury Collisions","2010","2010","05","May","Number","527"
"ROA17C3","All Fatal and Injury Collisions","2010","2010","06","June","Number","474"
"ROA17C3","All Fatal and Injury Collisions","2010","2010","07","July","Number","522"
"ROA17C3","All Fatal and Injury Collisions","2010","2010","08","August","Number","508"
"ROA17C3","All Fatal and Injury Collisions","2010","2010","09","September","Number","531"
"ROA17C3","All Fatal and Injury Collisions","2010","2010","10","October","Number","600"
"ROA17C3","All Fatal and Injury Collisions","2010","2010","11","November","Number","508"
"ROA17C3","All Fatal and Injury Collisions","2010","2010","12","December","Number","303"
"ROA17C3","All Fatal and Injury Collisions","2011","2011","-","All months","Number","5230"
"ROA17C3","All Fatal and Injury Collisions","2011","2011","01","January","Number","427"
"ROA17C3","All Fatal and Injury Collisions","2011","2011","02","February","Number","405"
"ROA17C3","All Fatal and Injury Collisions","2011","2011","03","March","Number","421"
"ROA17C3","All Fatal and Injury Collisions","2011","2011","04","April","Number","381"
"ROA17C3","All Fatal and Injury Collisions","2011","2011","05","May","Number","368"
"ROA17C3","All Fatal and Injury Collisions","2011","2011","06","June","Number","465"
"ROA17C3","All Fatal and Injury Collisions","2011","2011","07","July","Number","461"
"ROA17C3","All Fatal and Injury Collisions","2011","2011","08","August","Number","482"
"ROA17C3","All Fatal and Injury Collisions","2011","2011","09","September","Number","456"
"ROA17C3","All Fatal and Injury Collisions","2011","2011","10","October","Number","482"
"ROA17C3","All Fatal and Injury Collisions","2011","2011","11","November","Number","473"
"ROA17C3","All Fatal and Injury Collisions","2011","2011","12","December","Number","409"
"ROA17C3","All Fatal and Injury Collisions","2012","2012","-","All months","Number","5610"
"ROA17C3","All Fatal and Injury Collisions","2012","2012","01","January","Number","457"
"ROA17C3","All Fatal and Injury Collisions","2012","2012","02","February","Number","409"
"ROA17C3","All Fatal and Injury Collisions","2012","2012","03","March","Number","489"
"ROA17C3","All Fatal and Injury Collisions","2012","2012","04","April","Number","471"
"ROA17C3","All Fatal and Injury Collisions","2012","2012","05","May","Number","454"
"ROA17C3","All Fatal and Injury Collisions","2012","2012","06","June","Number","470"
"ROA17C3","All Fatal and Injury Collisions","2012","2012","07","July","Number","475"
"ROA17C3","All Fatal and Injury Collisions","2012","2012","08","August","Number","472"
"ROA17C3","All Fatal and Injury Collisions","2012","2012","09","September","Number","479"
"ROA17C3","All Fatal and Injury Collisions","2012","2012","10","October","Number","500"
"ROA17C3","All Fatal and Injury Collisions","2012","2012","11","November","Number","476"
"ROA17C3","All Fatal and Injury Collisions","2012","2012","12","December","Number","458"
"ROA17C3","All Fatal and Injury Collisions","2013","2013","-","All months","Number","4976"
"ROA17C3","All Fatal and Injury Collisions","2013","2013","01","January","Number","445"
"ROA17C3","All Fatal and Injury Collisions","2013","2013","02","February","Number","354"
"ROA17C3","All Fatal and Injury Collisions","2013","2013","03","March","Number","363"
"ROA17C3","All Fatal and Injury Collisions","2013","2013","04","April","Number","340"
"ROA17C3","All Fatal and Injury Collisions","2013","2013","05","May","Number","391"
"ROA17C3","All Fatal and Injury Collisions","2013","2013","06","June","Number","421"
"ROA17C3","All Fatal and Injury Collisions","2013","2013","07","July","Number","464"
"ROA17C3","All Fatal and Injury Collisions","2013","2013","08","August","Number","415"
"ROA17C3","All Fatal and Injury Collisions","2013","2013","09","September","Number","435"
"ROA17C3","All Fatal and Injury Collisions","2013","2013","10","October","Number","468"
"ROA17C3","All Fatal and Injury Collisions","2013","2013","11","November","Number","435"
"ROA17C3","All Fatal and Injury Collisions","2013","2013","12","December","Number","445"
"ROA17C3","All Fatal and Injury Collisions","2014","2014","-","All months","Number","5796"
"ROA17C3","All Fatal and Injury Collisions","2014","2014","01","January","Number","445"
"ROA17C3","All Fatal and Injury Collisions","2014","2014","02","February","Number","410"
"ROA17C3","All Fatal and Injury Collisions","2014","2014","03","March","Number","421"
"ROA17C3","All Fatal and Injury Collisions","2014","2014","04","April","Number","456"
"ROA17C3","All Fatal and Injury Collisions","2014","2014","05","May","Number","470"
"ROA17C3","All Fatal and Injury Collisions","2014","2014","06","June","Number","480"
"ROA17C3","All Fatal and Injury Collisions","2014","2014","07","July","Number","486"
"ROA17C3","All Fatal and Injury Collisions","2014","2014","08","August","Number","494"
"ROA17C3","All Fatal and Injury Collisions","2014","2014","09","September","Number","507"
"ROA17C3","All Fatal and Injury Collisions","2014","2014","10","October","Number","519"
"ROA17C3","All Fatal and Injury Collisions","2014","2014","11","November","Number","587"
"ROA17C3","All Fatal and Injury Collisions","2014","2014","12","December","Number","521"
"ROA17C3","All Fatal and Injury Collisions","2015","2015","-","All months","Number","5831"
"ROA17C3","All Fatal and Injury Collisions","2015","2015","01","January","Number","487"
"ROA17C3","All Fatal and Injury Collisions","2015","2015","02","February","Number","430"
"ROA17C3","All Fatal and Injury Collisions","2015","2015","03","March","Number","471"
"ROA17C3","All Fatal and Injury Collisions","2015","2015","04","April","Number","403"
"ROA17C3","All Fatal and Injury Collisions","2015","2015","05","May","Number","500"
"ROA17C3","All Fatal and Injury Collisions","2015","2015","06","June","Number","478"
"ROA17C3","All Fatal and Injury Collisions","2015","2015","07","July","Number","488"
"ROA17C3","All Fatal and Injury Collisions","2015","2015","08","August","Number","484"
"ROA17C3","All Fatal and Injury Collisions","2015","2015","09","September","Number","518"
"ROA17C3","All Fatal and Injury Collisions","2015","2015","10","October","Number","510"
"ROA17C3","All Fatal and Injury Collisions","2015","2015","11","November","Number","515"
"ROA17C3","All Fatal and Injury Collisions","2015","2015","12","December","Number","547"
"ROA17C3","All Fatal and Injury Collisions","2016","2016","-","All months","Number","5891"
"ROA17C3","All Fatal and Injury Collisions","2016","2016","01","January","Number","530"
"ROA17C3","All Fatal and Injury Collisions","2016","2016","02","February","Number","466"
"ROA17C3","All Fatal and Injury Collisions","2016","2016","03","March","Number","431"
"ROA17C3","All Fatal and Injury Collisions","2016","2016","04","April","Number","410"
"ROA17C3","All Fatal and Injury Collisions","2016","2016","05","May","Number","480"
"ROA17C3","All Fatal and Injury Collisions","2016","2016","06","June","Number","487"
"ROA17C3","All Fatal and Injury Collisions","2016","2016","07","July","Number","540"
"ROA17C3","All Fatal and Injury Collisions","2016","2016","08","August","Number","472"
"ROA17C3","All Fatal and Injury Collisions","2016","2016","09","September","Number","544"
"ROA17C3","All Fatal and Injury Collisions","2016","2016","10","October","Number","503"
"ROA17C3","All Fatal and Injury Collisions","2016","2016","11","November","Number","502"
"ROA17C3","All Fatal and Injury Collisions","2016","2016","12","December","Number","526"
"ROA17C3","All Fatal and Injury Collisions","2017","2017","-","All months","Number","6054"
"ROA17C3","All Fatal and Injury Collisions","2017","2017","01","January","Number","463"
"ROA17C3","All Fatal and Injury Collisions","2017","2017","02","February","Number","419"
"ROA17C3","All Fatal and Injury Collisions","2017","2017","03","March","Number","529"
"ROA17C3","All Fatal and Injury Collisions","2017","2017","04","April","Number","393"
"ROA17C3","All Fatal and Injury Collisions","2017","2017","05","May","Number","530"
"ROA17C3","All Fatal and Injury Collisions","2017","2017","06","June","Number","496"
"ROA17C3","All Fatal and Injury Collisions","2017","2017","07","July","Number","496"
"ROA17C3","All Fatal and Injury Collisions","2017","2017","08","August","Number","485"
"ROA17C3","All Fatal and Injury Collisions","2017","2017","09","September","Number","556"
"ROA17C3","All Fatal and Injury Collisions","2017","2017","10","October","Number","519"
"ROA17C3","All Fatal and Injury Collisions","2017","2017","11","November","Number","610"
"ROA17C3","All Fatal and Injury Collisions","2017","2017","12","December","Number","558"
"ROA17C3","All Fatal and Injury Collisions","2018","2018","-","All months","Number","6106"
"ROA17C3","All Fatal and Injury Collisions","2018","2018","01","January","Number","472"
"ROA17C3","All Fatal and Injury Collisions","2018","2018","02","February","Number","446"
"ROA17C3","All Fatal and Injury Collisions","2018","2018","03","March","Number","441"
"ROA17C3","All Fatal and Injury Collisions","2018","2018","04","April","Number","461"
"ROA17C3","All Fatal and Injury Collisions","2018","2018","05","May","Number","537"
"ROA17C3","All Fatal and Injury Collisions","2018","2018","06","June","Number","536"
"ROA17C3","All Fatal and Injury Collisions","2018","2018","07","July","Number","548"
"ROA17C3","All Fatal and Injury Collisions","2018","2018","08","August","Number","485"
"ROA17C3","All Fatal and Injury Collisions","2018","2018","09","September","Number","518"
"ROA17C3","All Fatal and Injury Collisions","2018","2018","10","October","Number","553"
"ROA17C3","All Fatal and Injury Collisions","2018","2018","11","November","Number","560"
"ROA17C3","All Fatal and Injury Collisions","2018","2018","12","December","Number","549"
"ROA17C3","All Fatal and Injury Collisions","2019","2019","-","All months","Number","5827"
"ROA17C3","All Fatal and Injury Collisions","2019","2019","01","January","Number","503"
"ROA17C3","All Fatal and Injury Collisions","2019","2019","02","February","Number","399"
"ROA17C3","All Fatal and Injury Collisions","2019","2019","03","March","Number","492"
"ROA17C3","All Fatal and Injury Collisions","2019","2019","04","April","Number","400"
"ROA17C3","All Fatal and Injury Collisions","2019","2019","05","May","Number","476"
"ROA17C3","All Fatal and Injury Collisions","2019","2019","06","June","Number","477"
"ROA17C3","All Fatal and Injury Collisions","2019","2019","07","July","Number","512"
"ROA17C3","All Fatal and Injury Collisions","2019","2019","08","August","Number","487"
"ROA17C3","All Fatal and Injury Collisions","2019","2019","09","September","Number","551"
"ROA17C3","All Fatal and Injury Collisions","2019","2019","10","October","Number","519"
"ROA17C3","All Fatal and Injury Collisions","2019","2019","11","November","Number","546"
"ROA17C3","All Fatal and Injury Collisions","2019","2019","12","December","Number","465"
"ROA17C3","All Fatal and Injury Collisions","2020","2020","-","All months","Number","4429"
"ROA17C3","All Fatal and Injury Collisions","2020","2020","01","January","Number","500"
"ROA17C3","All Fatal and Injury Collisions","2020","2020","02","February","Number","449"
"ROA17C3","All Fatal and Injury Collisions","2020","2020","03","March","Number","279"
"ROA17C3","All Fatal and Injury Collisions","2020","2020","04","April","Number","139"
"ROA17C3","All Fatal and Injury Collisions","2020","2020","05","May","Number","233"
"ROA17C3","All Fatal and Injury Collisions","2020","2020","06","June","Number","298"
"ROA17C3","All Fatal and Injury Collisions","2020","2020","07","July","Number","403"
"ROA17C3","All Fatal and Injury Collisions","2020","2020","08","August","Number","417"
"ROA17C3","All Fatal and Injury Collisions","2020","2020","09","September","Number","430"
"ROA17C3","All Fatal and Injury Collisions","2020","2020","10","October","Number","395"
"ROA17C3","All Fatal and Injury Collisions","2020","2020","11","November","Number","394"
"ROA17C3","All Fatal and Injury Collisions","2020","2020","12","December","Number","492"
"ROA17C4","Killed Casualties","2005","2005","-","All months","Number","396"
"ROA17C4","Killed Casualties","2005","2005","01","January","Number","33"
"ROA17C4","Killed Casualties","2005","2005","02","February","Number","37"
"ROA17C4","Killed Casualties","2005","2005","03","March","Number","26"
"ROA17C4","Killed Casualties","2005","2005","04","April","Number","23"
"ROA17C4","Killed Casualties","2005","2005","05","May","Number","41"
"ROA17C4","Killed Casualties","2005","2005","06","June","Number","22"
"ROA17C4","Killed Casualties","2005","2005","07","July","Number","41"
"ROA17C4","Killed Casualties","2005","2005","08","August","Number","24"
"ROA17C4","Killed Casualties","2005","2005","09","September","Number","31"
"ROA17C4","Killed Casualties","2005","2005","10","October","Number","44"
"ROA17C4","Killed Casualties","2005","2005","11","November","Number","34"
"ROA17C4","Killed Casualties","2005","2005","12","December","Number","40"
"ROA17C4","Killed Casualties","2006","2006","-","All months","Number","365"
"ROA17C4","Killed Casualties","2006","2006","01","January","Number","40"
"ROA17C4","Killed Casualties","2006","2006","02","February","Number","31"
"ROA17C4","Killed Casualties","2006","2006","03","March","Number","27"
"ROA17C4","Killed Casualties","2006","2006","04","April","Number","37"
"ROA17C4","Killed Casualties","2006","2006","05","May","Number","30"
"ROA17C4","Killed Casualties","2006","2006","06","June","Number","32"
"ROA17C4","Killed Casualties","2006","2006","07","July","Number","38"
"ROA17C4","Killed Casualties","2006","2006","08","August","Number","17"
"ROA17C4","Killed Casualties","2006","2006","09","September","Number","23"
"ROA17C4","Killed Casualties","2006","2006","10","October","Number","32"
"ROA17C4","Killed Casualties","2006","2006","11","November","Number","27"
"ROA17C4","Killed Casualties","2006","2006","12","December","Number","31"
"ROA17C4","Killed Casualties","2007","2007","-","All months","Number","338"
"ROA17C4","Killed Casualties","2007","2007","01","January","Number","22"
"ROA17C4","Killed Casualties","2007","2007","02","February","Number","25"
"ROA17C4","Killed Casualties","2007","2007","03","March","Number","34"
"ROA17C4","Killed Casualties","2007","2007","04","April","Number","30"
"ROA17C4","Killed Casualties","2007","2007","05","May","Number","24"
"ROA17C4","Killed Casualties","2007","2007","06","June","Number","29"
"ROA17C4","Killed Casualties","2007","2007","07","July","Number","31"
"ROA17C4","Killed Casualties","2007","2007","08","August","Number","28"
"ROA17C4","Killed Casualties","2007","2007","09","September","Number","28"
"ROA17C4","Killed Casualties","2007","2007","10","October","Number","26"
"ROA17C4","Killed Casualties","2007","2007","11","November","Number","23"
"ROA17C4","Killed Casualties","2007","2007","12","December","Number","38"
"ROA17C4","Killed Casualties","2008","2008","-","All months","Number","279"
"ROA17C4","Killed Casualties","2008","2008","01","January","Number","25"
"ROA17C4","Killed Casualties","2008","2008","02","February","Number","32"
"ROA17C4","Killed Casualties","2008","2008","03","March","Number","20"
"ROA17C4","Killed Casualties","2008","2008","04","April","Number","19"
"ROA17C4","Killed Casualties","2008","2008","05","May","Number","19"
"ROA17C4","Killed Casualties","2008","2008","06","June","Number","28"
"ROA17C4","Killed Casualties","2008","2008","07","July","Number","26"
"ROA17C4","Killed Casualties","2008","2008","08","August","Number","28"
"ROA17C4","Killed Casualties","2008","2008","09","September","Number","19"
"ROA17C4","Killed Casualties","2008","2008","10","October","Number","22"
"ROA17C4","Killed Casualties","2008","2008","11","November","Number","22"
"ROA17C4","Killed Casualties","2008","2008","12","December","Number","19"
"ROA17C4","Killed Casualties","2009","2009","-","All months","Number","238"
"ROA17C4","Killed Casualties","2009","2009","01","January","Number","18"
"ROA17C4","Killed Casualties","2009","2009","02","February","Number","15"
"ROA17C4","Killed Casualties","2009","2009","03","March","Number","24"
"ROA17C4","Killed Casualties","2009","2009","04","April","Number","20"
"ROA17C4","Killed Casualties","2009","2009","05","May","Number","28"
"ROA17C4","Killed Casualties","2009","2009","06","June","Number","15"
"ROA17C4","Killed Casualties","2009","2009","07","July","Number","19"
"ROA17C4","Killed Casualties","2009","2009","08","August","Number","20"
"ROA17C4","Killed Casualties","2009","2009","09","September","Number","14"
"ROA17C4","Killed Casualties","2009","2009","10","October","Number","22"
"ROA17C4","Killed Casualties","2009","2009","11","November","Number","25"
"ROA17C4","Killed Casualties","2009","2009","12","December","Number","18"
"ROA17C4","Killed Casualties","2010","2010","-","All months","Number","212"
"ROA17C4","Killed Casualties","2010","2010","01","January","Number","15"
"ROA17C4","Killed Casualties","2010","2010","02","February","Number","14"
"ROA17C4","Killed Casualties","2010","2010","03","March","Number","12"
"ROA17C4","Killed Casualties","2010","2010","04","April","Number","19"
"ROA17C4","Killed Casualties","2010","2010","05","May","Number","28"
"ROA17C4","Killed Casualties","2010","2010","06","June","Number","11"
"ROA17C4","Killed Casualties","2010","2010","07","July","Number","21"
"ROA17C4","Killed Casualties","2010","2010","08","August","Number","19"
"ROA17C4","Killed Casualties","2010","2010","09","September","Number","13"
"ROA17C4","Killed Casualties","2010","2010","10","October","Number","36"
"ROA17C4","Killed Casualties","2010","2010","11","November","Number","14"
"ROA17C4","Killed Casualties","2010","2010","12","December","Number","10"
"ROA17C4","Killed Casualties","2011","2011","-","All months","Number","186"
"ROA17C4","Killed Casualties","2011","2011","01","January","Number","21"
"ROA17C4","Killed Casualties","2011","2011","02","February","Number","18"
"ROA17C4","Killed Casualties","2011","2011","03","March","Number","15"
"ROA17C4","Killed Casualties","2011","2011","04","April","Number","8"
"ROA17C4","Killed Casualties","2011","2011","05","May","Number","11"
"ROA17C4","Killed Casualties","2011","2011","06","June","Number","15"
"ROA17C4","Killed Casualties","2011","2011","07","July","Number","18"
"ROA17C4","Killed Casualties","2011","2011","08","August","Number","16"
"ROA17C4","Killed Casualties","2011","2011","09","September","Number","13"
"ROA17C4","Killed Casualties","2011","2011","10","October","Number","15"
"ROA17C4","Killed Casualties","2011","2011","11","November","Number","18"
"ROA17C4","Killed Casualties","2011","2011","12","December","Number","18"
"ROA17C4","Killed Casualties","2012","2012","-","All months","Number","162"
"ROA17C4","Killed Casualties","2012","2012","01","January","Number","10"
"ROA17C4","Killed Casualties","2012","2012","02","February","Number","13"
"ROA17C4","Killed Casualties","2012","2012","03","March","Number","12"
"ROA17C4","Killed Casualties","2012","2012","04","April","Number","16"
"ROA17C4","Killed Casualties","2012","2012","05","May","Number","13"
"ROA17C4","Killed Casualties","2012","2012","06","June","Number","26"
"ROA17C4","Killed Casualties","2012","2012","07","July","Number","15"
"ROA17C4","Killed Casualties","2012","2012","08","August","Number","12"
"ROA17C4","Killed Casualties","2012","2012","09","September","Number","10"
"ROA17C4","Killed Casualties","2012","2012","10","October","Number","15"
"ROA17C4","Killed Casualties","2012","2012","11","November","Number","8"
"ROA17C4","Killed Casualties","2012","2012","12","December","Number","12"
"ROA17C4","Killed Casualties","2013","2013","-","All months","Number","188"
"ROA17C4","Killed Casualties","2013","2013","01","January","Number","19"
"ROA17C4","Killed Casualties","2013","2013","02","February","Number","14"
"ROA17C4","Killed Casualties","2013","2013","03","March","Number","15"
"ROA17C4","Killed Casualties","2013","2013","04","April","Number","12"
"ROA17C4","Killed Casualties","2013","2013","05","May","Number","17"
"ROA17C4","Killed Casualties","2013","2013","06","June","Number","13"
"ROA17C4","Killed Casualties","2013","2013","07","July","Number","18"
"ROA17C4","Killed Casualties","2013","2013","08","August","Number","19"
"ROA17C4","Killed Casualties","2013","2013","09","September","Number","17"
"ROA17C4","Killed Casualties","2013","2013","10","October","Number","13"
"ROA17C4","Killed Casualties","2013","2013","11","November","Number","15"
"ROA17C4","Killed Casualties","2013","2013","12","December","Number","16"
"ROA17C4","Killed Casualties","2014","2014","-","All months","Number","192"
"ROA17C4","Killed Casualties","2014","2014","01","January","Number","16"
"ROA17C4","Killed Casualties","2014","2014","02","February","Number","13"
"ROA17C4","Killed Casualties","2014","2014","03","March","Number","15"
"ROA17C4","Killed Casualties","2014","2014","04","April","Number","14"
"ROA17C4","Killed Casualties","2014","2014","05","May","Number","18"
"ROA17C4","Killed Casualties","2014","2014","06","June","Number","18"
"ROA17C4","Killed Casualties","2014","2014","07","July","Number","18"
"ROA17C4","Killed Casualties","2014","2014","08","August","Number","15"
"ROA17C4","Killed Casualties","2014","2014","09","September","Number","11"
"ROA17C4","Killed Casualties","2014","2014","10","October","Number","17"
"ROA17C4","Killed Casualties","2014","2014","11","November","Number","20"
"ROA17C4","Killed Casualties","2014","2014","12","December","Number","17"
"ROA17C4","Killed Casualties","2015","2015","-","All months","Number","162"
"ROA17C4","Killed Casualties","2015","2015","01","January","Number","12"
"ROA17C4","Killed Casualties","2015","2015","02","February","Number","13"
"ROA17C4","Killed Casualties","2015","2015","03","March","Number","11"
"ROA17C4","Killed Casualties","2015","2015","04","April","Number","7"
"ROA17C4","Killed Casualties","2015","2015","05","May","Number","12"
"ROA17C4","Killed Casualties","2015","2015","06","June","Number","13"
"ROA17C4","Killed Casualties","2015","2015","07","July","Number","19"
"ROA17C4","Killed Casualties","2015","2015","08","August","Number","14"
"ROA17C4","Killed Casualties","2015","2015","09","September","Number","16"
"ROA17C4","Killed Casualties","2015","2015","10","October","Number","11"
"ROA17C4","Killed Casualties","2015","2015","11","November","Number","14"
"ROA17C4","Killed Casualties","2015","2015","12","December","Number","20"
"ROA17C4","Killed Casualties","2016","2016","-","All months","Number","186"
"ROA17C4","Killed Casualties","2016","2016","01","January","Number","15"
"ROA17C4","Killed Casualties","2016","2016","02","February","Number","10"
"ROA17C4","Killed Casualties","2016","2016","03","March","Number","17"
"ROA17C4","Killed Casualties","2016","2016","04","April","Number","14"
"ROA17C4","Killed Casualties","2016","2016","05","May","Number","20"
"ROA17C4","Killed Casualties","2016","2016","06","June","Number","12"
"ROA17C4","Killed Casualties","2016","2016","07","July","Number","21"
"ROA17C4","Killed Casualties","2016","2016","08","August","Number","13"
"ROA17C4","Killed Casualties","2016","2016","09","September","Number","18"
"ROA17C4","Killed Casualties","2016","2016","10","October","Number","20"
"ROA17C4","Killed Casualties","2016","2016","11","November","Number","9"
"ROA17C4","Killed Casualties","2016","2016","12","December","Number","17"
"ROA17C4","Killed Casualties","2017","2017","-","All months","Number","156"
"ROA17C4","Killed Casualties","2017","2017","01","January","Number","16"
"ROA17C4","Killed Casualties","2017","2017","02","February","Number","11"
"ROA17C4","Killed Casualties","2017","2017","03","March","Number","20"
"ROA17C4","Killed Casualties","2017","2017","04","April","Number","7"
"ROA17C4","Killed Casualties","2017","2017","05","May","Number","8"
"ROA17C4","Killed Casualties","2017","2017","06","June","Number","14"
"ROA17C4","Killed Casualties","2017","2017","07","July","Number","16"
"ROA17C4","Killed Casualties","2017","2017","08","August","Number","10"
"ROA17C4","Killed Casualties","2017","2017","09","September","Number","13"
"ROA17C4","Killed Casualties","2017","2017","10","October","Number","11"
"ROA17C4","Killed Casualties","2017","2017","11","November","Number","14"
"ROA17C4","Killed Casualties","2017","2017","12","December","Number","16"
"ROA17C4","Killed Casualties","2018","2018","-","All months","Number","139"
"ROA17C4","Killed Casualties","2018","2018","01","January","Number","12"
"ROA17C4","Killed Casualties","2018","2018","02","February","Number","10"
"ROA17C4","Killed Casualties","2018","2018","03","March","Number","14"
"ROA17C4","Killed Casualties","2018","2018","04","April","Number","17"
"ROA17C4","Killed Casualties","2018","2018","05","May","Number","4"
"ROA17C4","Killed Casualties","2018","2018","06","June","Number","16"
"ROA17C4","Killed Casualties","2018","2018","07","July","Number","8"
"ROA17C4","Killed Casualties","2018","2018","08","August","Number","12"
"ROA17C4","Killed Casualties","2018","2018","09","September","Number","10"
"ROA17C4","Killed Casualties","2018","2018","10","October","Number","9"
"ROA17C4","Killed Casualties","2018","2018","11","November","Number","12"
"ROA17C4","Killed Casualties","2018","2018","12","December","Number","15"
"ROA17C4","Killed Casualties","2019","2019","-","All months","Number","140"
"ROA17C4","Killed Casualties","2019","2019","01","January","Number","14"
"ROA17C4","Killed Casualties","2019","2019","02","February","Number","14"
"ROA17C4","Killed Casualties","2019","2019","03","March","Number","11"
"ROA17C4","Killed Casualties","2019","2019","04","April","Number","9"
"ROA17C4","Killed Casualties","2019","2019","05","May","Number","11"
"ROA17C4","Killed Casualties","2019","2019","06","June","Number","11"
"ROA17C4","Killed Casualties","2019","2019","07","July","Number","8"
"ROA17C4","Killed Casualties","2019","2019","08","August","Number","8"
"ROA17C4","Killed Casualties","2019","2019","09","September","Number","18"
"ROA17C4","Killed Casualties","2019","2019","10","October","Number","10"
"ROA17C4","Killed Casualties","2019","2019","11","November","Number","11"
"ROA17C4","Killed Casualties","2019","2019","12","December","Number","15"
"ROA17C4","Killed Casualties","2020","2020","-","All months","Number","147"
"ROA17C4","Killed Casualties","2020","2020","01","January","Number","9"
"ROA17C4","Killed Casualties","2020","2020","02","February","Number","19"
"ROA17C4","Killed Casualties","2020","2020","03","March","Number","18"
"ROA17C4","Killed Casualties","2020","2020","04","April","Number","7"
"ROA17C4","Killed Casualties","2020","2020","05","May","Number","6"
"ROA17C4","Killed Casualties","2020","2020","06","June","Number","12"
"ROA17C4","Killed Casualties","2020","2020","07","July","Number","10"
"ROA17C4","Killed Casualties","2020","2020","08","August","Number","16"
"ROA17C4","Killed Casualties","2020","2020","09","September","Number","18"
"ROA17C4","Killed Casualties","2020","2020","10","October","Number","13"
"ROA17C4","Killed Casualties","2020","2020","11","November","Number","11"
"ROA17C4","Killed Casualties","2020","2020","12","December","Number","8"
"ROA17C5","Injured Casualties","2005","2005","-","All months","Number","9318"
"ROA17C5","Injured Casualties","2005","2005","01","January","Number","683"
"ROA17C5","Injured Casualties","2005","2005","02","February","Number","591"
"ROA17C5","Injured Casualties","2005","2005","03","March","Number","718"
"ROA17C5","Injured Casualties","2005","2005","04","April","Number","726"
"ROA17C5","Injured Casualties","2005","2005","05","May","Number","800"
"ROA17C5","Injured Casualties","2005","2005","06","June","Number","752"
"ROA17C5","Injured Casualties","2005","2005","07","July","Number","886"
"ROA17C5","Injured Casualties","2005","2005","08","August","Number","876"
"ROA17C5","Injured Casualties","2005","2005","09","September","Number","826"
"ROA17C5","Injured Casualties","2005","2005","10","October","Number","892"
"ROA17C5","Injured Casualties","2005","2005","11","November","Number","826"
"ROA17C5","Injured Casualties","2005","2005","12","December","Number","742"
"ROA17C5","Injured Casualties","2006","2006","-","All months","Number","8575"
"ROA17C5","Injured Casualties","2006","2006","01","January","Number","723"
"ROA17C5","Injured Casualties","2006","2006","02","February","Number","547"
"ROA17C5","Injured Casualties","2006","2006","03","March","Number","633"
"ROA17C5","Injured Casualties","2006","2006","04","April","Number","602"
"ROA17C5","Injured Casualties","2006","2006","05","May","Number","709"
"ROA17C5","Injured Casualties","2006","2006","06","June","Number","674"
"ROA17C5","Injured Casualties","2006","2006","07","July","Number","762"
"ROA17C5","Injured Casualties","2006","2006","08","August","Number","767"
"ROA17C5","Injured Casualties","2006","2006","09","September","Number","746"
"ROA17C5","Injured Casualties","2006","2006","10","October","Number","797"
"ROA17C5","Injured Casualties","2006","2006","11","November","Number","750"
"ROA17C5","Injured Casualties","2006","2006","12","December","Number","865"
"ROA17C5","Injured Casualties","2007","2007","-","All months","Number","7806"
"ROA17C5","Injured Casualties","2007","2007","01","January","Number","639"
"ROA17C5","Injured Casualties","2007","2007","02","February","Number","564"
"ROA17C5","Injured Casualties","2007","2007","03","March","Number","666"
"ROA17C5","Injured Casualties","2007","2007","04","April","Number","565"
"ROA17C5","Injured Casualties","2007","2007","05","May","Number","625"
"ROA17C5","Injured Casualties","2007","2007","06","June","Number","693"
"ROA17C5","Injured Casualties","2007","2007","07","July","Number","721"
"ROA17C5","Injured Casualties","2007","2007","08","August","Number","741"
"ROA17C5","Injured Casualties","2007","2007","09","September","Number","657"
"ROA17C5","Injured Casualties","2007","2007","10","October","Number","654"
"ROA17C5","Injured Casualties","2007","2007","11","November","Number","661"
"ROA17C5","Injured Casualties","2007","2007","12","December","Number","620"
"ROA17C5","Injured Casualties","2008","2008","-","All months","Number","9758"
"ROA17C5","Injured Casualties","2008","2008","01","January","Number","818"
"ROA17C5","Injured Casualties","2008","2008","02","February","Number","845"
"ROA17C5","Injured Casualties","2008","2008","03","March","Number","808"
"ROA17C5","Injured Casualties","2008","2008","04","April","Number","783"
"ROA17C5","Injured Casualties","2008","2008","05","May","Number","919"
"ROA17C5","Injured Casualties","2008","2008","06","June","Number","794"
"ROA17C5","Injured Casualties","2008","2008","07","July","Number","770"
"ROA17C5","Injured Casualties","2008","2008","08","August","Number","757"
"ROA17C5","Injured Casualties","2008","2008","09","September","Number","778"
"ROA17C5","Injured Casualties","2008","2008","10","October","Number","815"
"ROA17C5","Injured Casualties","2008","2008","11","November","Number","833"
"ROA17C5","Injured Casualties","2008","2008","12","December","Number","838"
"ROA17C5","Injured Casualties","2009","2009","-","All months","Number","9742"
"ROA17C5","Injured Casualties","2009","2009","01","January","Number","812"
"ROA17C5","Injured Casualties","2009","2009","02","February","Number","588"
"ROA17C5","Injured Casualties","2009","2009","03","March","Number","755"
"ROA17C5","Injured Casualties","2009","2009","04","April","Number","809"
"ROA17C5","Injured Casualties","2009","2009","05","May","Number","827"
"ROA17C5","Injured Casualties","2009","2009","06","June","Number","763"
"ROA17C5","Injured Casualties","2009","2009","07","July","Number","976"
"ROA17C5","Injured Casualties","2009","2009","08","August","Number","879"
"ROA17C5","Injured Casualties","2009","2009","09","September","Number","812"
"ROA17C5","Injured Casualties","2009","2009","10","October","Number","856"
"ROA17C5","Injured Casualties","2009","2009","11","November","Number","878"
"ROA17C5","Injured Casualties","2009","2009","12","December","Number","787"
"ROA17C5","Injured Casualties","2010","2010","-","All months","Number","8270"
"ROA17C5","Injured Casualties","2010","2010","01","January","Number","571"
"ROA17C5","Injured Casualties","2010","2010","02","February","Number","622"
"ROA17C5","Injured Casualties","2010","2010","03","March","Number","686"
"ROA17C5","Injured Casualties","2010","2010","04","April","Number","687"
"ROA17C5","Injured Casualties","2010","2010","05","May","Number","755"
"ROA17C5","Injured Casualties","2010","2010","06","June","Number","669"
"ROA17C5","Injured Casualties","2010","2010","07","July","Number","755"
"ROA17C5","Injured Casualties","2010","2010","08","August","Number","747"
"ROA17C5","Injured Casualties","2010","2010","09","September","Number","801"
"ROA17C5","Injured Casualties","2010","2010","10","October","Number","853"
"ROA17C5","Injured Casualties","2010","2010","11","November","Number","717"
"ROA17C5","Injured Casualties","2010","2010","12","December","Number","407"
"ROA17C5","Injured Casualties","2011","2011","-","All months","Number","7235"
"ROA17C5","Injured Casualties","2011","2011","01","January","Number","548"
"ROA17C5","Injured Casualties","2011","2011","02","February","Number","540"
"ROA17C5","Injured Casualties","2011","2011","03","March","Number","563"
"ROA17C5","Injured Casualties","2011","2011","04","April","Number","547"
"ROA17C5","Injured Casualties","2011","2011","05","May","Number","527"
"ROA17C5","Injured Casualties","2011","2011","06","June","Number","646"
"ROA17C5","Injured Casualties","2011","2011","07","July","Number","686"
"ROA17C5","Injured Casualties","2011","2011","08","August","Number","684"
"ROA17C5","Injured Casualties","2011","2011","09","September","Number","639"
"ROA17C5","Injured Casualties","2011","2011","10","October","Number","659"
"ROA17C5","Injured Casualties","2011","2011","11","November","Number","655"
"ROA17C5","Injured Casualties","2011","2011","12","December","Number","541"
"ROA17C5","Injured Casualties","2012","2012","-","All months","Number","7942"
"ROA17C5","Injured Casualties","2012","2012","01","January","Number","642"
"ROA17C5","Injured Casualties","2012","2012","02","February","Number","596"
"ROA17C5","Injured Casualties","2012","2012","03","March","Number","707"
"ROA17C5","Injured Casualties","2012","2012","04","April","Number","694"
"ROA17C5","Injured Casualties","2012","2012","05","May","Number","630"
"ROA17C5","Injured Casualties","2012","2012","06","June","Number","682"
"ROA17C5","Injured Casualties","2012","2012","07","July","Number","679"
"ROA17C5","Injured Casualties","2012","2012","08","August","Number","670"
"ROA17C5","Injured Casualties","2012","2012","09","September","Number","639"
"ROA17C5","Injured Casualties","2012","2012","10","October","Number","718"
"ROA17C5","Injured Casualties","2012","2012","11","November","Number","670"
"ROA17C5","Injured Casualties","2012","2012","12","December","Number","615"
"ROA17C5","Injured Casualties","2013","2013","-","All months","Number","6880"
"ROA17C5","Injured Casualties","2013","2013","01","January","Number","623"
"ROA17C5","Injured Casualties","2013","2013","02","February","Number","491"
"ROA17C5","Injured Casualties","2013","2013","03","March","Number","523"
"ROA17C5","Injured Casualties","2013","2013","04","April","Number","452"
"ROA17C5","Injured Casualties","2013","2013","05","May","Number","533"
"ROA17C5","Injured Casualties","2013","2013","06","June","Number","587"
"ROA17C5","Injured Casualties","2013","2013","07","July","Number","677"
"ROA17C5","Injured Casualties","2013","2013","08","August","Number","600"
"ROA17C5","Injured Casualties","2013","2013","09","September","Number","601"
"ROA17C5","Injured Casualties","2013","2013","10","October","Number","635"
"ROA17C5","Injured Casualties","2013","2013","11","November","Number","560"
"ROA17C5","Injured Casualties","2013","2013","12","December","Number","598"
"ROA17C5","Injured Casualties","2014","2014","-","All months","Number","8079"
"ROA17C5","Injured Casualties","2014","2014","01","January","Number","636"
"ROA17C5","Injured Casualties","2014","2014","02","February","Number","577"
"ROA17C5","Injured Casualties","2014","2014","03","March","Number","575"
"ROA17C5","Injured Casualties","2014","2014","04","April","Number","642"
"ROA17C5","Injured Casualties","2014","2014","05","May","Number","653"
"ROA17C5","Injured Casualties","2014","2014","06","June","Number","680"
"ROA17C5","Injured Casualties","2014","2014","07","July","Number","685"
"ROA17C5","Injured Casualties","2014","2014","08","August","Number","741"
"ROA17C5","Injured Casualties","2014","2014","09","September","Number","681"
"ROA17C5","Injured Casualties","2014","2014","10","October","Number","726"
"ROA17C5","Injured Casualties","2014","2014","11","November","Number","791"
"ROA17C5","Injured Casualties","2014","2014","12","December","Number","692"
"ROA17C5","Injured Casualties","2015","2015","-","All months","Number","7840"
"ROA17C5","Injured Casualties","2015","2015","01","January","Number","678"
"ROA17C5","Injured Casualties","2015","2015","02","February","Number","556"
"ROA17C5","Injured Casualties","2015","2015","03","March","Number","643"
"ROA17C5","Injured Casualties","2015","2015","04","April","Number","535"
"ROA17C5","Injured Casualties","2015","2015","05","May","Number","690"
"ROA17C5","Injured Casualties","2015","2015","06","June","Number","646"
"ROA17C5","Injured Casualties","2015","2015","07","July","Number","667"
"ROA17C5","Injured Casualties","2015","2015","08","August","Number","676"
"ROA17C5","Injured Casualties","2015","2015","09","September","Number","689"
"ROA17C5","Injured Casualties","2015","2015","10","October","Number","665"
"ROA17C5","Injured Casualties","2015","2015","11","November","Number","668"
"ROA17C5","Injured Casualties","2015","2015","12","December","Number","727"
"ROA17C5","Injured Casualties","2016","2016","-","All months","Number","7710"
"ROA17C5","Injured Casualties","2016","2016","01","January","Number","696"
"ROA17C5","Injured Casualties","2016","2016","02","February","Number","610"
"ROA17C5","Injured Casualties","2016","2016","03","March","Number","597"
"ROA17C5","Injured Casualties","2016","2016","04","April","Number","530"
"ROA17C5","Injured Casualties","2016","2016","05","May","Number","622"
"ROA17C5","Injured Casualties","2016","2016","06","June","Number","642"
"ROA17C5","Injured Casualties","2016","2016","07","July","Number","722"
"ROA17C5","Injured Casualties","2016","2016","08","August","Number","626"
"ROA17C5","Injured Casualties","2016","2016","09","September","Number","720"
"ROA17C5","Injured Casualties","2016","2016","10","October","Number","618"
"ROA17C5","Injured Casualties","2016","2016","11","November","Number","650"
"ROA17C5","Injured Casualties","2016","2016","12","December","Number","677"
"ROA17C5","Injured Casualties","2017","2017","-","All months","Number","7778"
"ROA17C5","Injured Casualties","2017","2017","01","January","Number","576"
"ROA17C5","Injured Casualties","2017","2017","02","February","Number","522"
"ROA17C5","Injured Casualties","2017","2017","03","March","Number","672"
"ROA17C5","Injured Casualties","2017","2017","04","April","Number","536"
"ROA17C5","Injured Casualties","2017","2017","05","May","Number","704"
"ROA17C5","Injured Casualties","2017","2017","06","June","Number","623"
"ROA17C5","Injured Casualties","2017","2017","07","July","Number","655"
"ROA17C5","Injured Casualties","2017","2017","08","August","Number","635"
"ROA17C5","Injured Casualties","2017","2017","09","September","Number","698"
"ROA17C5","Injured Casualties","2017","2017","10","October","Number","636"
"ROA17C5","Injured Casualties","2017","2017","11","November","Number","805"
"ROA17C5","Injured Casualties","2017","2017","12","December","Number","716"
"ROA17C5","Injured Casualties","2018","2018","-","All months","Number","8011"
"ROA17C5","Injured Casualties","2018","2018","01","January","Number","598"
"ROA17C5","Injured Casualties","2018","2018","02","February","Number","575"
"ROA17C5","Injured Casualties","2018","2018","03","March","Number","595"
"ROA17C5","Injured Casualties","2018","2018","04","April","Number","602"
"ROA17C5","Injured Casualties","2018","2018","05","May","Number","733"
"ROA17C5","Injured Casualties","2018","2018","06","June","Number","706"
"ROA17C5","Injured Casualties","2018","2018","07","July","Number","730"
"ROA17C5","Injured Casualties","2018","2018","08","August","Number","634"
"ROA17C5","Injured Casualties","2018","2018","09","September","Number","685"
"ROA17C5","Injured Casualties","2018","2018","10","October","Number","723"
"ROA17C5","Injured Casualties","2018","2018","11","November","Number","725"
"ROA17C5","Injured Casualties","2018","2018","12","December","Number","705"
"ROA17C5","Injured Casualties","2019","2019","-","All months","Number","7579"
"ROA17C5","Injured Casualties","2019","2019","01","January","Number","625"
"ROA17C5","Injured Casualties","2019","2019","02","February","Number","506"
"ROA17C5","Injured Casualties","2019","2019","03","March","Number","644"
"ROA17C5","Injured Casualties","2019","2019","04","April","Number","526"
"ROA17C5","Injured Casualties","2019","2019","05","May","Number","616"
"ROA17C5","Injured Casualties","2019","2019","06","June","Number","647"
"ROA17C5","Injured Casualties","2019","2019","07","July","Number","680"
"ROA17C5","Injured Casualties","2019","2019","08","August","Number","653"
"ROA17C5","Injured Casualties","2019","2019","09","September","Number","719"
"ROA17C5","Injured Casualties","2019","2019","10","October","Number","679"
"ROA17C5","Injured Casualties","2019","2019","11","November","Number","691"
"ROA17C5","Injured Casualties","2019","2019","12","December","Number","593"
"ROA17C5","Injured Casualties","2020","2020","-","All months","Number","5596"
"ROA17C5","Injured Casualties","2020","2020","01","January","Number","659"
"ROA17C5","Injured Casualties","2020","2020","02","February","Number","554"
"ROA17C5","Injured Casualties","2020","2020","03","March","Number","345"
"ROA17C5","Injured Casualties","2020","2020","04","April","Number","159"
"ROA17C5","Injured Casualties","2020","2020","05","May","Number","276"
"ROA17C5","Injured Casualties","2020","2020","06","June","Number","381"
"ROA17C5","Injured Casualties","2020","2020","07","July","Number","522"
"ROA17C5","Injured Casualties","2020","2020","08","August","Number","533"
"ROA17C5","Injured Casualties","2020","2020","09","September","Number","562"
"ROA17C5","Injured Casualties","2020","2020","10","October","Number","500"
"ROA17C5","Injured Casualties","2020","2020","11","November","Number","476"
"ROA17C5","Injured Casualties","2020","2020","12","December","Number","629"
"ROA17C6","All Killed and Injured Casualties","2005","2005","-","All months","Number","9714"
"ROA17C6","All Killed and Injured Casualties","2005","2005","01","January","Number","716"
"ROA17C6","All Killed and Injured Casualties","2005","2005","02","February","Number","628"
"ROA17C6","All Killed and Injured Casualties","2005","2005","03","March","Number","744"
"ROA17C6","All Killed and Injured Casualties","2005","2005","04","April","Number","749"
"ROA17C6","All Killed and Injured Casualties","2005","2005","05","May","Number","841"
"ROA17C6","All Killed and Injured Casualties","2005","2005","06","June","Number","774"
"ROA17C6","All Killed and Injured Casualties","2005","2005","07","July","Number","927"
"ROA17C6","All Killed and Injured Casualties","2005","2005","08","August","Number","900"
"ROA17C6","All Killed and Injured Casualties","2005","2005","09","September","Number","857"
"ROA17C6","All Killed and Injured Casualties","2005","2005","10","October","Number","936"
"ROA17C6","All Killed and Injured Casualties","2005","2005","11","November","Number","860"
"ROA17C6","All Killed and Injured Casualties","2005","2005","12","December","Number","782"
"ROA17C6","All Killed and Injured Casualties","2006","2006","-","All months","Number","8940"
"ROA17C6","All Killed and Injured Casualties","2006","2006","01","January","Number","763"
"ROA17C6","All Killed and Injured Casualties","2006","2006","02","February","Number","578"
"ROA17C6","All Killed and Injured Casualties","2006","2006","03","March","Number","660"
"ROA17C6","All Killed and Injured Casualties","2006","2006","04","April","Number","639"
"ROA17C6","All Killed and Injured Casualties","2006","2006","05","May","Number","739"
"ROA17C6","All Killed and Injured Casualties","2006","2006","06","June","Number","706"
"ROA17C6","All Killed and Injured Casualties","2006","2006","07","July","Number","800"
"ROA17C6","All Killed and Injured Casualties","2006","2006","08","August","Number","784"
"ROA17C6","All Killed and Injured Casualties","2006","2006","09","September","Number","769"
"ROA17C6","All Killed and Injured Casualties","2006","2006","10","October","Number","829"
"ROA17C6","All Killed and Injured Casualties","2006","2006","11","November","Number","777"
"ROA17C6","All Killed and Injured Casualties","2006","2006","12","December","Number","896"
"ROA17C6","All Killed and Injured Casualties","2007","2007","-","All months","Number","8144"
"ROA17C6","All Killed and Injured Casualties","2007","2007","01","January","Number","661"
"ROA17C6","All Killed and Injured Casualties","2007","2007","02","February","Number","589"
"ROA17C6","All Killed and Injured Casualties","2007","2007","03","March","Number","700"
"ROA17C6","All Killed and Injured Casualties","2007","2007","04","April","Number","595"
"ROA17C6","All Killed and Injured Casualties","2007","2007","05","May","Number","649"
"ROA17C6","All Killed and Injured Casualties","2007","2007","06","June","Number","722"
"ROA17C6","All Killed and Injured Casualties","2007","2007","07","July","Number","752"
"ROA17C6","All Killed and Injured Casualties","2007","2007","08","August","Number","769"
"ROA17C6","All Killed and Injured Casualties","2007","2007","09","September","Number","685"
"ROA17C6","All Killed and Injured Casualties","2007","2007","10","October","Number","680"
"ROA17C6","All Killed and Injured Casualties","2007","2007","11","November","Number","684"
"ROA17C6","All Killed and Injured Casualties","2007","2007","12","December","Number","658"
"ROA17C6","All Killed and Injured Casualties","2008","2008","-","All months","Number","10037"
"ROA17C6","All Killed and Injured Casualties","2008","2008","01","January","Number","843"
"ROA17C6","All Killed and Injured Casualties","2008","2008","02","February","Number","877"
"ROA17C6","All Killed and Injured Casualties","2008","2008","03","March","Number","828"
"ROA17C6","All Killed and Injured Casualties","2008","2008","04","April","Number","802"
"ROA17C6","All Killed and Injured Casualties","2008","2008","05","May","Number","938"
"ROA17C6","All Killed and Injured Casualties","2008","2008","06","June","Number","822"
"ROA17C6","All Killed and Injured Casualties","2008","2008","07","July","Number","796"
"ROA17C6","All Killed and Injured Casualties","2008","2008","08","August","Number","785"
"ROA17C6","All Killed and Injured Casualties","2008","2008","09","September","Number","797"
"ROA17C6","All Killed and Injured Casualties","2008","2008","10","October","Number","837"
"ROA17C6","All Killed and Injured Casualties","2008","2008","11","November","Number","855"
"ROA17C6","All Killed and Injured Casualties","2008","2008","12","December","Number","857"
"ROA17C6","All Killed and Injured Casualties","2009","2009","-","All months","Number","9980"
"ROA17C6","All Killed and Injured Casualties","2009","2009","01","January","Number","830"
"ROA17C6","All Killed and Injured Casualties","2009","2009","02","February","Number","603"
"ROA17C6","All Killed and Injured Casualties","2009","2009","03","March","Number","779"
"ROA17C6","All Killed and Injured Casualties","2009","2009","04","April","Number","829"
"ROA17C6","All Killed and Injured Casualties","2009","2009","05","May","Number","855"
"ROA17C6","All Killed and Injured Casualties","2009","2009","06","June","Number","778"
"ROA17C6","All Killed and Injured Casualties","2009","2009","07","July","Number","995"
"ROA17C6","All Killed and Injured Casualties","2009","2009","08","August","Number","899"
"ROA17C6","All Killed and Injured Casualties","2009","2009","09","September","Number","826"
"ROA17C6","All Killed and Injured Casualties","2009","2009","10","October","Number","878"
"ROA17C6","All Killed and Injured Casualties","2009","2009","11","November","Number","903"
"ROA17C6","All Killed and Injured Casualties","2009","2009","12","December","Number","805"
"ROA17C6","All Killed and Injured Casualties","2010","2010","-","All months","Number","8482"
"ROA17C6","All Killed and Injured Casualties","2010","2010","01","January","Number","586"
"ROA17C6","All Killed and Injured Casualties","2010","2010","02","February","Number","636"
"ROA17C6","All Killed and Injured Casualties","2010","2010","03","March","Number","698"
"ROA17C6","All Killed and Injured Casualties","2010","2010","04","April","Number","706"
"ROA17C6","All Killed and Injured Casualties","2010","2010","05","May","Number","783"
"ROA17C6","All Killed and Injured Casualties","2010","2010","06","June","Number","680"
"ROA17C6","All Killed and Injured Casualties","2010","2010","07","July","Number","776"
"ROA17C6","All Killed and Injured Casualties","2010","2010","08","August","Number","766"
"ROA17C6","All Killed and Injured Casualties","2010","2010","09","September","Number","814"
"ROA17C6","All Killed and Injured Casualties","2010","2010","10","October","Number","889"
"ROA17C6","All Killed and Injured Casualties","2010","2010","11","November","Number","731"
"ROA17C6","All Killed and Injured Casualties","2010","2010","12","December","Number","417"
"ROA17C6","All Killed and Injured Casualties","2011","2011","-","All months","Number","7421"
"ROA17C6","All Killed and Injured Casualties","2011","2011","01","January","Number","569"
"ROA17C6","All Killed and Injured Casualties","2011","2011","02","February","Number","558"
"ROA17C6","All Killed and Injured Casualties","2011","2011","03","March","Number","578"
"ROA17C6","All Killed and Injured Casualties","2011","2011","04","April","Number","555"
"ROA17C6","All Killed and Injured Casualties","2011","2011","05","May","Number","538"
"ROA17C6","All Killed and Injured Casualties","2011","2011","06","June","Number","661"
"ROA17C6","All Killed and Injured Casualties","2011","2011","07","July","Number","704"
"ROA17C6","All Killed and Injured Casualties","2011","2011","08","August","Number","700"
"ROA17C6","All Killed and Injured Casualties","2011","2011","09","September","Number","652"
"ROA17C6","All Killed and Injured Casualties","2011","2011","10","October","Number","674"
"ROA17C6","All Killed and Injured Casualties","2011","2011","11","November","Number","673"
"ROA17C6","All Killed and Injured Casualties","2011","2011","12","December","Number","559"
"ROA17C6","All Killed and Injured Casualties","2012","2012","-","All months","Number","8104"
"ROA17C6","All Killed and Injured Casualties","2012","2012","01","January","Number","652"
"ROA17C6","All Killed and Injured Casualties","2012","2012","02","February","Number","609"
"ROA17C6","All Killed and Injured Casualties","2012","2012","03","March","Number","719"
"ROA17C6","All Killed and Injured Casualties","2012","2012","04","April","Number","710"
"ROA17C6","All Killed and Injured Casualties","2012","2012","05","May","Number","643"
"ROA17C6","All Killed and Injured Casualties","2012","2012","06","June","Number","708"
"ROA17C6","All Killed and Injured Casualties","2012","2012","07","July","Number","694"
"ROA17C6","All Killed and Injured Casualties","2012","2012","08","August","Number","682"
"ROA17C6","All Killed and Injured Casualties","2012","2012","09","September","Number","649"
"ROA17C6","All Killed and Injured Casualties","2012","2012","10","October","Number","733"
"ROA17C6","All Killed and Injured Casualties","2012","2012","11","November","Number","678"
"ROA17C6","All Killed and Injured Casualties","2012","2012","12","December","Number","627"
"ROA17C6","All Killed and Injured Casualties","2013","2013","-","All months","Number","7068"
"ROA17C6","All Killed and Injured Casualties","2013","2013","01","January","Number","642"
"ROA17C6","All Killed and Injured Casualties","2013","2013","02","February","Number","505"
"ROA17C6","All Killed and Injured Casualties","2013","2013","03","March","Number","538"
"ROA17C6","All Killed and Injured Casualties","2013","2013","04","April","Number","464"
"ROA17C6","All Killed and Injured Casualties","2013","2013","05","May","Number","550"
"ROA17C6","All Killed and Injured Casualties","2013","2013","06","June","Number","600"
"ROA17C6","All Killed and Injured Casualties","2013","2013","07","July","Number","695"
"ROA17C6","All Killed and Injured Casualties","2013","2013","08","August","Number","619"
"ROA17C6","All Killed and Injured Casualties","2013","2013","09","September","Number","618"
"ROA17C6","All Killed and Injured Casualties","2013","2013","10","October","Number","648"
"ROA17C6","All Killed and Injured Casualties","2013","2013","11","November","Number","575"
"ROA17C6","All Killed and Injured Casualties","2013","2013","12","December","Number","614"
"ROA17C6","All Killed and Injured Casualties","2014","2014","-","All months","Number","8271"
"ROA17C6","All Killed and Injured Casualties","2014","2014","01","January","Number","652"
"ROA17C6","All Killed and Injured Casualties","2014","2014","02","February","Number","590"
"ROA17C6","All Killed and Injured Casualties","2014","2014","03","March","Number","590"
"ROA17C6","All Killed and Injured Casualties","2014","2014","04","April","Number","656"
"ROA17C6","All Killed and Injured Casualties","2014","2014","05","May","Number","671"
"ROA17C6","All Killed and Injured Casualties","2014","2014","06","June","Number","698"
"ROA17C6","All Killed and Injured Casualties","2014","2014","07","July","Number","703"
"ROA17C6","All Killed and Injured Casualties","2014","2014","08","August","Number","756"
"ROA17C6","All Killed and Injured Casualties","2014","2014","09","September","Number","692"
"ROA17C6","All Killed and Injured Casualties","2014","2014","10","October","Number","743"
"ROA17C6","All Killed and Injured Casualties","2014","2014","11","November","Number","811"
"ROA17C6","All Killed and Injured Casualties","2014","2014","12","December","Number","709"
"ROA17C6","All Killed and Injured Casualties","2015","2015","-","All months","Number","8002"
"ROA17C6","All Killed and Injured Casualties","2015","2015","01","January","Number","690"
"ROA17C6","All Killed and Injured Casualties","2015","2015","02","February","Number","569"
"ROA17C6","All Killed and Injured Casualties","2015","2015","03","March","Number","654"
"ROA17C6","All Killed and Injured Casualties","2015","2015","04","April","Number","542"
"ROA17C6","All Killed and Injured Casualties","2015","2015","05","May","Number","702"
"ROA17C6","All Killed and Injured Casualties","2015","2015","06","June","Number","659"
"ROA17C6","All Killed and Injured Casualties","2015","2015","07","July","Number","686"
"ROA17C6","All Killed and Injured Casualties","2015","2015","08","August","Number","690"
"ROA17C6","All Killed and Injured Casualties","2015","2015","09","September","Number","705"
"ROA17C6","All Killed and Injured Casualties","2015","2015","10","October","Number","676"
"ROA17C6","All Killed and Injured Casualties","2015","2015","11","November","Number","682"
"ROA17C6","All Killed and Injured Casualties","2015","2015","12","December","Number","747"
"ROA17C6","All Killed and Injured Casualties","2016","2016","-","All months","Number","7896"
"ROA17C6","All Killed and Injured Casualties","2016","2016","01","January","Number","711"
"ROA17C6","All Killed and Injured Casualties","2016","2016","02","February","Number","620"
"ROA17C6","All Killed and Injured Casualties","2016","2016","03","March","Number","614"
"ROA17C6","All Killed and Injured Casualties","2016","2016","04","April","Number","544"
"ROA17C6","All Killed and Injured Casualties","2016","2016","05","May","Number","642"
"ROA17C6","All Killed and Injured Casualties","2016","2016","06","June","Number","654"
"ROA17C6","All Killed and Injured Casualties","2016","2016","07","July","Number","743"
"ROA17C6","All Killed and Injured Casualties","2016","2016","08","August","Number","639"
"ROA17C6","All Killed and Injured Casualties","2016","2016","09","September","Number","738"
"ROA17C6","All Killed and Injured Casualties","2016","2016","10","October","Number","638"
"ROA17C6","All Killed and Injured Casualties","2016","2016","11","November","Number","659"
"ROA17C6","All Killed and Injured Casualties","2016","2016","12","December","Number","694"
"ROA17C6","All Killed and Injured Casualties","2017","2017","-","All months","Number","7934"
"ROA17C6","All Killed and Injured Casualties","2017","2017","01","January","Number","592"
"ROA17C6","All Killed and Injured Casualties","2017","2017","02","February","Number","533"
"ROA17C6","All Killed and Injured Casualties","2017","2017","03","March","Number","692"
"ROA17C6","All Killed and Injured Casualties","2017","2017","04","April","Number","543"
"ROA17C6","All Killed and Injured Casualties","2017","2017","05","May","Number","712"
"ROA17C6","All Killed and Injured Casualties","2017","2017","06","June","Number","637"
"ROA17C6","All Killed and Injured Casualties","2017","2017","07","July","Number","671"
"ROA17C6","All Killed and Injured Casualties","2017","2017","08","August","Number","645"
"ROA17C6","All Killed and Injured Casualties","2017","2017","09","September","Number","711"
"ROA17C6","All Killed and Injured Casualties","2017","2017","10","October","Number","647"
"ROA17C6","All Killed and Injured Casualties","2017","2017","11","November","Number","819"
"ROA17C6","All Killed and Injured Casualties","2017","2017","12","December","Number","732"
"ROA17C6","All Killed and Injured Casualties","2018","2018","-","All months","Number","8150"
"ROA17C6","All Killed and Injured Casualties","2018","2018","01","January","Number","610"
"ROA17C6","All Killed and Injured Casualties","2018","2018","02","February","Number","585"
"ROA17C6","All Killed and Injured Casualties","2018","2018","03","March","Number","609"
"ROA17C6","All Killed and Injured Casualties","2018","2018","04","April","Number","619"
"ROA17C6","All Killed and Injured Casualties","2018","2018","05","May","Number","737"
"ROA17C6","All Killed and Injured Casualties","2018","2018","06","June","Number","722"
"ROA17C6","All Killed and Injured Casualties","2018","2018","07","July","Number","738"
"ROA17C6","All Killed and Injured Casualties","2018","2018","08","August","Number","646"
"ROA17C6","All Killed and Injured Casualties","2018","2018","09","September","Number","695"
"ROA17C6","All Killed and Injured Casualties","2018","2018","10","October","Number","732"
"ROA17C6","All Killed and Injured Casualties","2018","2018","11","November","Number","737"
"ROA17C6","All Killed and Injured Casualties","2018","2018","12","December","Number","720"
"ROA17C6","All Killed and Injured Casualties","2019","2019","-","All months","Number","7719"
"ROA17C6","All Killed and Injured Casualties","2019","2019","01","January","Number","639"
"ROA17C6","All Killed and Injured Casualties","2019","2019","02","February","Number","520"
"ROA17C6","All Killed and Injured Casualties","2019","2019","03","March","Number","655"
"ROA17C6","All Killed and Injured Casualties","2019","2019","04","April","Number","535"
"ROA17C6","All Killed and Injured Casualties","2019","2019","05","May","Number","627"
"ROA17C6","All Killed and Injured Casualties","2019","2019","06","June","Number","658"
"ROA17C6","All Killed and Injured Casualties","2019","2019","07","July","Number","688"
"ROA17C6","All Killed and Injured Casualties","2019","2019","08","August","Number","661"
"ROA17C6","All Killed and Injured Casualties","2019","2019","09","September","Number","737"
"ROA17C6","All Killed and Injured Casualties","2019","2019","10","October","Number","689"
"ROA17C6","All Killed and Injured Casualties","2019","2019","11","November","Number","702"
"ROA17C6","All Killed and Injured Casualties","2019","2019","12","December","Number","608"
"ROA17C6","All Killed and Injured Casualties","2020","2020","-","All months","Number","5743"
"ROA17C6","All Killed and Injured Casualties","2020","2020","01","January","Number","668"
"ROA17C6","All Killed and Injured Casualties","2020","2020","02","February","Number","573"
"ROA17C6","All Killed and Injured Casualties","2020","2020","03","March","Number","363"
"ROA17C6","All Killed and Injured Casualties","2020","2020","04","April","Number","166"
"ROA17C6","All Killed and Injured Casualties","2020","2020","05","May","Number","282"
"ROA17C6","All Killed and Injured Casualties","2020","2020","06","June","Number","393"
"ROA17C6","All Killed and Injured Casualties","2020","2020","07","July","Number","532"
"ROA17C6","All Killed and Injured Casualties","2020","2020","08","August","Number","549"
"ROA17C6","All Killed and Injured Casualties","2020","2020","09","September","Number","580"
"ROA17C6","All Killed and Injured Casualties","2020","2020","10","October","Number","513"
"ROA17C6","All Killed and Injured Casualties","2020","2020","11","November","Number","487"
"ROA17C6","All Killed and Injured Casualties","2020","2020","12","December","Number",""
